,0,1,2,3,4,5,6,7,8,9,10
0,186850_0.jpg,806175_0.jpg,1367680_0.jpg,1697507_0.jpg,359078_1.jpg,1686941_1.jpg,1944510_0.jpg,107871_0.jpg,928951_0.jpg,891699_1.jpg,107871_1.jpg
1,1520546_1.jpg,1520546_3.jpg,269621_0.jpg,269621_3.jpg,1520546_2.jpg,269621_1.jpg,1508534_0.jpg,1204417_0.jpg,1982544_1.jpg,1992229_3.jpg,1992229_0.jpg
2,1560000_2.jpg,2092691_0.jpg,1560000_0.jpg,2092691_2.jpg,1582158_0.jpg,174275_0.jpg,659835_0.jpg,400214_0.jpg,1684612_0.jpg,1582158_1.jpg,505567_2.jpg
3,721865_0.jpg,721865_1.jpg,721865_2.jpg,1079989_0.jpg,1079989_1.jpg,1079989_2.jpg,482126_0.jpg,443627_1.jpg,1186833_0.jpg,81006_3.jpg,59726_0.jpg
4,90448_0.jpg,2094343_0.jpg,1537812_0.jpg,819483_0.jpg,1822514_0.jpg,1134177_0.jpg,304644_2.jpg,939619_2.jpg,1170602_1.jpg,1703276_2.jpg,359078_1.jpg
5,24507_0.jpg,625620_0.jpg,1944510_0.jpg,107871_0.jpg,928951_0.jpg,1485588_0.jpg,961275_0.jpg,353002_0.jpg,1719471_0.jpg,609182_1.jpg,1977393_0.jpg
6,261540_3.jpg,261540_1.jpg,261540_2.jpg,261540_0.jpg,1204417_0.jpg,561904_0.jpg,2233905_0.jpg,865103_2.jpg,561904_2.jpg,728946_2.jpg,1992229_1.jpg
7,81006_0.jpg,81006_3.jpg,734342_2.jpg,838976_1.jpg,962607_0.jpg,962607_3.jpg,734342_1.jpg,81006_2.jpg,81006_1.jpg,734342_0.jpg,1845508_1.jpg
8,475727_3.jpg,475727_1.jpg,475727_2.jpg,174275_0.jpg,505567_1.jpg,505567_0.jpg,400214_0.jpg,1463046_0.jpg,1582158_1.jpg,505182_0.jpg,1582158_0.jpg
9,1412285_0.jpg,362349_0.jpg,1243979_0.jpg,1719471_1.jpg,572424_0.jpg,897532_0.jpg,715924_0.jpg,1719471_0.jpg,319507_0.jpg,1834410_0.jpg,1428726_3.jpg
10,709380_0.jpg,2248498_0.jpg,72326_0.jpg,464681_0.jpg,1833356_0.jpg,1199966_1.jpg,1199966_0.jpg,1199966_2.jpg,698597_0.jpg,2034696_1.jpg,805537_1.jpg
11,19751_1.jpg,505567_0.jpg,505567_2.jpg,891699_0.jpg,988975_0.jpg,20730_3.jpg,1153842_0.jpg,1239688_2.jpg,2224355_0.jpg,400214_0.jpg,505567_1.jpg
12,19751_0.jpg,819483_1.jpg,1562306_0.jpg,1678602_0.jpg,107871_1.jpg,1944510_1.jpg,928951_1.jpg,443627_2.jpg,838976_1.jpg,876062_0.jpg,447146_0.jpg
13,1248979_0.jpg,20730_0.jpg,20730_1.jpg,1684612_2.jpg,354301_0.jpg,782863_0.jpg,20730_3.jpg,20730_2.jpg,319507_0.jpg,734024_2.jpg,734024_0.jpg
14,475727_2.jpg,475727_1.jpg,475727_3.jpg,174275_0.jpg,400214_0.jpg,505567_1.jpg,505567_0.jpg,1582158_1.jpg,1463046_0.jpg,1582158_0.jpg,1193695_0.jpg
15,81006_1.jpg,734342_1.jpg,734342_2.jpg,81006_2.jpg,475727_0.jpg,1703276_3.jpg,806175_0.jpg,734024_0.jpg,782863_0.jpg,20730_2.jpg,1396486_2.jpg
16,261540_2.jpg,261540_3.jpg,261540_1.jpg,1204417_0.jpg,1299252_0.jpg,1507382_0.jpg,865103_3.jpg,561904_3.jpg,728946_3.jpg,1520546_2.jpg,561904_0.jpg
17,24507_1.jpg,897532_0.jpg,1243979_0.jpg,24507_2.jpg,295575_0.jpg,187449_0.jpg,1684612_2.jpg,347995_0.jpg,734024_0.jpg,362349_0.jpg,1252280_0.jpg
18,721865_0.jpg,721865_1.jpg,721865_2.jpg,1079989_0.jpg,1079989_1.jpg,1079989_2.jpg,482126_0.jpg,443627_1.jpg,1186833_0.jpg,81006_3.jpg,59726_0.jpg
19,245397_0.jpg,375713_0.jpg,375713_1.jpg,2092144_0.jpg,1982544_3.jpg,715924_0.jpg,865103_1.jpg,561904_1.jpg,728946_1.jpg,1243979_0.jpg,347995_0.jpg
20,1520546_0.jpg,1347582_1.jpg,630288_0.jpg,438049_1.jpg,1079989_0.jpg,1079989_1.jpg,1079989_2.jpg,883121_0.jpg,438049_0.jpg,1465250_0.jpg,805537_0.jpg
21,1520546_2.jpg,1520546_3.jpg,1982544_0.jpg,269621_0.jpg,1520546_1.jpg,474588_0.jpg,269621_2.jpg,269621_3.jpg,865103_3.jpg,561904_3.jpg,728946_3.jpg
22,1560000_1.jpg,2092691_1.jpg,926526_0.jpg,1428726_2.jpg,2200837_2.jpg,1428726_0.jpg,2200837_0.jpg,2188558_0.jpg,113836_0.jpg,287368_1.jpg,287368_0.jpg
23,1252280_0.jpg,529559_0.jpg,915410_0.jpg,419309_0.jpg,1952801_0.jpg,1167245_0.jpg,1334460_0.jpg,988975_0.jpg,1684612_2.jpg,917121_0.jpg,1562306_2.jpg
24,1849020_0.jpg,1719471_0.jpg,1719471_1.jpg,1223775_0.jpg,1412285_0.jpg,1833340_1.jpg,1916292_0.jpg,1485588_0.jpg,463272_0.jpg,1562306_1.jpg,1170602_2.jpg
25,1209465_0.jpg,1562306_2.jpg,1334460_0.jpg,528276_0.jpg,2198258_0.jpg,1239688_0.jpg,1153842_0.jpg,20730_3.jpg,988975_0.jpg,917121_0.jpg,1239688_2.jpg
26,917121_0.jpg,528276_0.jpg,1562306_2.jpg,1324412_0.jpg,988975_0.jpg,215031_1.jpg,215031_2.jpg,2220877_0.jpg,1239688_0.jpg,1239688_2.jpg,1153842_0.jpg
27,715924_0.jpg,897532_0.jpg,1243979_0.jpg,245397_0.jpg,362349_0.jpg,375713_0.jpg,2092144_0.jpg,347995_0.jpg,319507_0.jpg,215031_1.jpg,215031_2.jpg
28,464681_1.jpg,1629568_1.jpg,1629568_2.jpg,926526_1.jpg,1678602_0.jpg,1239688_1.jpg,1396486_1.jpg,443627_1.jpg,59726_0.jpg,734024_3.jpg,891699_1.jpg
29,482126_0.jpg,1186833_0.jpg,81006_3.jpg,473558_1.jpg,1186833_1.jpg,268568_3.jpg,891699_1.jpg,443627_1.jpg,1396486_1.jpg,268568_1.jpg,1079989_0.jpg
30,2034696_1.jpg,805537_1.jpg,698597_0.jpg,1833356_0.jpg,1582796_0.jpg,72326_0.jpg,971996_0.jpg,2248498_0.jpg,72326_1.jpg,464681_0.jpg,709380_0.jpg
31,24507_3.jpg,19751_1.jpg,505182_0.jpg,2224355_0.jpg,1153842_0.jpg,1334460_0.jpg,1463046_0.jpg,505567_0.jpg,1239688_2.jpg,215031_1.jpg,215031_2.jpg
32,81006_3.jpg,81006_0.jpg,443627_1.jpg,946858_0.jpg,838976_1.jpg,482126_0.jpg,1982544_1.jpg,268568_1.jpg,891699_1.jpg,59726_0.jpg,946858_1.jpg
33,475727_0.jpg,1703276_3.jpg,354301_0.jpg,1223775_0.jpg,782863_0.jpg,20730_0.jpg,1095279_0.jpg,319507_0.jpg,295575_0.jpg,1396486_2.jpg,897532_0.jpg
34,261540_0.jpg,261540_3.jpg,1204417_3.jpg,261540_2.jpg,1204417_1.jpg,1204417_0.jpg,1992229_3.jpg,261540_1.jpg,1992229_0.jpg,962607_2.jpg,2233905_0.jpg
35,1323996_0.jpg,962607_1.jpg,1726783_0.jpg,1334460_0.jpg,319507_0.jpg,1379750_0.jpg,1562306_2.jpg,5514_0.jpg,734024_0.jpg,782863_0.jpg,1684612_2.jpg
36,19751_2.jpg,1347582_1.jpg,268568_3.jpg,163459_0.jpg,883121_0.jpg,268568_2.jpg,869989_0.jpg,1079989_0.jpg,1079989_1.jpg,1079989_2.jpg,946858_0.jpg
37,261540_1.jpg,261540_3.jpg,261540_2.jpg,561904_0.jpg,261540_0.jpg,1845508_0.jpg,2233905_0.jpg,1204417_0.jpg,1299252_0.jpg,891699_3.jpg,865103_2.jpg
38,475727_1.jpg,475727_2.jpg,475727_3.jpg,174275_0.jpg,400214_0.jpg,505567_0.jpg,505567_1.jpg,1463046_0.jpg,1582158_1.jpg,1582158_0.jpg,1193695_0.jpg
39,81006_2.jpg,81006_1.jpg,734342_1.jpg,475727_0.jpg,1703276_3.jpg,1396486_2.jpg,806175_0.jpg,734342_2.jpg,734342_3.jpg,734342_0.jpg,81006_0.jpg
40,24507_2.jpg,187449_0.jpg,295575_0.jpg,24507_1.jpg,24507_3.jpg,1838581_0.jpg,1772322_0.jpg,1918058_1.jpg,215031_0.jpg,734024_0.jpg,1170602_0.jpg
41,2034696_0.jpg,1807172_0.jpg,1199966_0.jpg,1199966_1.jpg,1199966_2.jpg,709380_0.jpg,464681_0.jpg,2248498_0.jpg,72326_0.jpg,328944_0.jpg,328944_1.jpg
42,2092144_0.jpg,347995_0.jpg,215031_1.jpg,215031_2.jpg,1239688_0.jpg,1324412_0.jpg,1684612_0.jpg,20730_3.jpg,988975_0.jpg,1239688_2.jpg,1661793_0.jpg
43,721865_0.jpg,721865_1.jpg,721865_2.jpg,1079989_0.jpg,1079989_1.jpg,1079989_2.jpg,482126_0.jpg,443627_1.jpg,1186833_0.jpg,81006_3.jpg,59726_0.jpg
44,464681_0.jpg,328944_0.jpg,328944_1.jpg,2248498_0.jpg,1833356_0.jpg,709380_0.jpg,72326_0.jpg,1199966_1.jpg,698597_0.jpg,1199966_0.jpg,1199966_2.jpg
45,59726_0.jpg,1678602_0.jpg,81006_3.jpg,609182_0.jpg,269621_2.jpg,1186833_0.jpg,473558_1.jpg,1186833_1.jpg,2132976_0.jpg,269621_0.jpg,443627_1.jpg
46,113836_0.jpg,20730_0.jpg,1095279_0.jpg,20730_2.jpg,1248979_0.jpg,20730_1.jpg,354301_0.jpg,347995_0.jpg,2227616_0.jpg,1684612_2.jpg,287368_1.jpg
47,1243979_0.jpg,897532_0.jpg,1834410_0.jpg,347995_0.jpg,215031_1.jpg,215031_2.jpg,362349_0.jpg,1562306_2.jpg,1811950_0.jpg,295575_0.jpg,715924_0.jpg
48,1560000_0.jpg,2092691_2.jpg,1560000_2.jpg,2092691_0.jpg,1582158_0.jpg,400214_0.jpg,174275_0.jpg,659835_0.jpg,505567_2.jpg,1582158_1.jpg,1684612_0.jpg
49,1520546_3.jpg,1520546_2.jpg,1520546_1.jpg,269621_0.jpg,269621_3.jpg,1982544_0.jpg,1508534_0.jpg,1982544_1.jpg,269621_1.jpg,1204417_0.jpg,865103_3.jpg
50,1239688_0.jpg,1239688_2.jpg,988975_0.jpg,1661793_0.jpg,1324412_0.jpg,528276_0.jpg,891699_0.jpg,347995_0.jpg,19751_1.jpg,1193695_0.jpg,1562306_2.jpg
51,962607_0.jpg,962607_3.jpg,1367680_0.jpg,1223775_0.jpg,1697507_0.jpg,475727_0.jpg,1748210_0.jpg,806175_0.jpg,1703276_3.jpg,81006_0.jpg,1170602_2.jpg
52,1428726_3.jpg,2200837_3.jpg,319507_0.jpg,20730_3.jpg,715924_0.jpg,1562306_2.jpg,2227616_0.jpg,1209465_0.jpg,20730_0.jpg,347995_0.jpg,1243979_0.jpg
53,293130_3.jpg,822775_3.jpg,822775_1.jpg,1469028_0.jpg,891699_1.jpg,1158718_1.jpg,43354_2.jpg,1396486_1.jpg,1324412_1.jpg,419309_1.jpg,463272_1.jpg
54,1158718_0.jpg,1024602_0.jpg,43354_1.jpg,359078_0.jpg,1199966_3.jpg,1258869_0.jpg,212424_0.jpg,20730_2.jpg,460054_0.jpg,419309_2.jpg,463272_2.jpg
55,962746_1.jpg,962746_0.jpg,721865_0.jpg,721865_1.jpg,721865_2.jpg,1204417_3.jpg,869989_0.jpg,1992229_3.jpg,1629568_2.jpg,438049_0.jpg,482126_0.jpg
56,71936_0.jpg,1982544_3.jpg,1034992_2.jpg,1034992_1.jpg,24507_0.jpg,1034992_0.jpg,2092144_0.jpg,1944510_0.jpg,107871_0.jpg,928951_0.jpg,245397_0.jpg
57,1331755_0.jpg,674913_0.jpg,229094_0.jpg,540983_0.jpg,419309_1.jpg,463272_1.jpg,1193695_1.jpg,861491_0.jpg,1469028_0.jpg,2065721_0.jpg,463272_0.jpg
58,1079989_0.jpg,1079989_1.jpg,1079989_2.jpg,721865_0.jpg,721865_1.jpg,721865_2.jpg,1186833_0.jpg,482126_0.jpg,891699_1.jpg,1508534_0.jpg,946858_0.jpg
59,304644_0.jpg,304644_1.jpg,1703276_3.jpg,946858_0.jpg,946858_1.jpg,806175_0.jpg,939619_0.jpg,475727_0.jpg,962607_0.jpg,962607_3.jpg,1697507_0.jpg
60,304644_1.jpg,304644_0.jpg,946858_1.jpg,946858_0.jpg,939619_0.jpg,946858_3.jpg,806175_0.jpg,1285337_0.jpg,1313329_0.jpg,1684612_1.jpg,186850_0.jpg
61,1916292_0.jpg,715924_0.jpg,1849020_0.jpg,1412285_0.jpg,375713_0.jpg,1977393_0.jpg,572424_0.jpg,1243979_0.jpg,362349_0.jpg,625620_0.jpg,245397_0.jpg
62,1079989_0.jpg,1079989_1.jpg,1079989_2.jpg,721865_0.jpg,721865_1.jpg,721865_2.jpg,1186833_0.jpg,482126_0.jpg,891699_1.jpg,1508534_0.jpg,946858_0.jpg
63,293130_2.jpg,822775_2.jpg,293130_1.jpg,822775_1.jpg,1629568_0.jpg,1158718_1.jpg,43354_2.jpg,1396486_1.jpg,1629568_2.jpg,107871_1.jpg,1944510_1.jpg
64,962746_0.jpg,438049_1.jpg,962746_1.jpg,1992229_3.jpg,438049_0.jpg,482126_0.jpg,1204417_3.jpg,1347582_3.jpg,1992229_0.jpg,630288_0.jpg,1520546_0.jpg
65,1158718_1.jpg,43354_2.jpg,293130_3.jpg,822775_3.jpg,1347582_3.jpg,359078_1.jpg,1889076_0.jpg,1686941_1.jpg,293130_2.jpg,822775_2.jpg,1469028_0.jpg
66,1726783_0.jpg,19751_1.jpg,20730_3.jpg,2224355_0.jpg,505567_2.jpg,1684612_2.jpg,1918058_3.jpg,20730_1.jpg,891699_0.jpg,1684612_0.jpg,24507_3.jpg
67,2220877_0.jpg,215031_1.jpg,215031_2.jpg,528276_0.jpg,1153842_0.jpg,988975_0.jpg,917121_0.jpg,1324412_0.jpg,505182_0.jpg,1239688_2.jpg,1239688_0.jpg
68,1428726_2.jpg,2200837_2.jpg,1428726_0.jpg,2200837_0.jpg,2188558_0.jpg,926526_0.jpg,1560000_1.jpg,2092691_1.jpg,113836_0.jpg,287368_0.jpg,1347582_0.jpg
69,962607_1.jpg,734024_0.jpg,1726783_0.jpg,1684612_2.jpg,1323996_0.jpg,782863_0.jpg,20730_1.jpg,20730_0.jpg,1562306_2.jpg,20730_3.jpg,1334460_0.jpg
70,1239688_1.jpg,107871_1.jpg,1944510_1.jpg,928951_1.jpg,876062_0.jpg,447146_0.jpg,1485588_0.jpg,1562306_1.jpg,1849020_0.jpg,2065721_0.jpg,1719471_0.jpg
71,2233905_0.jpg,1845508_1.jpg,1697507_0.jpg,961275_0.jpg,734342_0.jpg,734342_2.jpg,1204417_0.jpg,734342_3.jpg,734342_1.jpg,1845508_0.jpg,1703276_3.jpg
72,174275_0.jpg,659835_0.jpg,400214_0.jpg,475727_3.jpg,475727_1.jpg,475727_2.jpg,1582158_0.jpg,505567_0.jpg,891699_0.jpg,1193695_0.jpg,1582158_1.jpg
73,962607_0.jpg,962607_3.jpg,1367680_0.jpg,1223775_0.jpg,1697507_0.jpg,475727_0.jpg,1748210_0.jpg,806175_0.jpg,1703276_3.jpg,81006_0.jpg,1170602_2.jpg
74,1428726_0.jpg,2200837_0.jpg,1428726_2.jpg,2200837_2.jpg,2188558_0.jpg,926526_0.jpg,1560000_1.jpg,2092691_1.jpg,113836_0.jpg,287368_0.jpg,1347582_0.jpg
75,1537812_1.jpg,819483_1.jpg,420082_1.jpg,1134177_0.jpg,525316_0.jpg,1246621_0.jpg,1537812_0.jpg,1562306_0.jpg,803384_0.jpg,353002_0.jpg,819483_0.jpg
76,293130_0.jpg,293130_1.jpg,822775_0.jpg,948863_0.jpg,1199966_2.jpg,192228_0.jpg,359078_1.jpg,609182_0.jpg,822775_1.jpg,420082_1.jpg,1686941_1.jpg
77,805537_0.jpg,1520546_1.jpg,1520546_3.jpg,438049_1.jpg,269621_1.jpg,269621_3.jpg,1520546_0.jpg,1992229_0.jpg,1508534_0.jpg,438049_0.jpg,269621_0.jpg
78,577393_0.jpg,946858_1.jpg,946858_3.jpg,946858_0.jpg,1285337_0.jpg,268568_1.jpg,1313329_2.jpg,883121_0.jpg,1723947_0.jpg,2150029_0.jpg,268568_3.jpg
79,1888182_0.jpg,260027_0.jpg,1480873_0.jpg,665464_0.jpg,1469028_0.jpg,1686941_1.jpg,420082_0.jpg,1158718_1.jpg,43354_2.jpg,1331755_0.jpg,861491_0.jpg
80,18259_0.jpg,1159293_0.jpg,269621_1.jpg,1845508_0.jpg,1992229_3.jpg,1845508_2.jpg,865103_2.jpg,561904_2.jpg,728946_2.jpg,269621_3.jpg,1123046_0.jpg
81,1079989_0.jpg,1079989_1.jpg,1079989_2.jpg,721865_0.jpg,721865_1.jpg,721865_2.jpg,1186833_0.jpg,482126_0.jpg,891699_1.jpg,1508534_0.jpg,946858_0.jpg
82,304644_2.jpg,939619_2.jpg,1367680_0.jpg,1170602_1.jpg,347305_0.jpg,359078_1.jpg,1170602_3.jpg,1095279_1.jpg,1686941_1.jpg,1246621_0.jpg,186850_0.jpg
83,1582796_0.jpg,698597_0.jpg,2034696_1.jpg,805537_1.jpg,72326_0.jpg,1833356_0.jpg,971996_0.jpg,609182_0.jpg,2248498_0.jpg,2132976_0.jpg,464681_0.jpg
84,354301_0.jpg,20730_0.jpg,20730_2.jpg,20730_1.jpg,1248979_0.jpg,347995_0.jpg,475727_0.jpg,1347582_0.jpg,782863_0.jpg,375713_1.jpg,20730_3.jpg
85,1134177_0.jpg,1537812_1.jpg,1537812_0.jpg,525316_0.jpg,819483_0.jpg,819483_1.jpg,1246621_0.jpg,2094343_0.jpg,1562306_0.jpg,832420_0.jpg,803384_0.jpg
86,1159293_0.jpg,1123046_0.jpg,1025295_0.jpg,1845508_0.jpg,18259_0.jpg,806458_0.jpg,1299252_0.jpg,1507382_0.jpg,561904_0.jpg,1396486_2.jpg,269621_3.jpg
87,2034696_1.jpg,805537_1.jpg,698597_0.jpg,1833356_0.jpg,1582796_0.jpg,72326_0.jpg,971996_0.jpg,2248498_0.jpg,72326_1.jpg,464681_0.jpg,709380_0.jpg
88,293130_1.jpg,822775_1.jpg,293130_0.jpg,1686941_1.jpg,948863_0.jpg,822775_0.jpg,192228_0.jpg,293130_2.jpg,822775_2.jpg,1396486_1.jpg,609182_0.jpg
89,1537812_0.jpg,819483_0.jpg,2094343_0.jpg,420082_0.jpg,1134177_0.jpg,90448_0.jpg,1537812_1.jpg,1246621_0.jpg,525316_0.jpg,819483_1.jpg,420082_1.jpg
90,1428726_1.jpg,2200837_1.jpg,1198492_0.jpg,19751_0.jpg,939619_0.jpg,2188558_1.jpg,443627_2.jpg,819483_1.jpg,961275_3.jpg,1703276_2.jpg,268568_1.jpg
91,362349_0.jpg,1412285_0.jpg,1243979_0.jpg,347995_0.jpg,897532_0.jpg,715924_0.jpg,1748210_0.jpg,1719471_1.jpg,1811950_0.jpg,319507_0.jpg,1834410_0.jpg
92,962607_2.jpg,1845508_1.jpg,1204417_3.jpg,443627_2.jpg,443627_0.jpg,443627_1.jpg,838976_1.jpg,1204417_0.jpg,1396486_3.jpg,891699_3.jpg,734024_1.jpg
93,630288_0.jpg,1520546_0.jpg,869989_0.jpg,1918058_0.jpg,438049_1.jpg,268568_3.jpg,1079989_0.jpg,1079989_1.jpg,1079989_2.jpg,268568_1.jpg,163459_0.jpg
94,1403303_0.jpg,1034992_2.jpg,347995_0.jpg,1243979_0.jpg,1034992_1.jpg,245397_0.jpg,803384_0.jpg,362349_0.jpg,715924_0.jpg,897532_0.jpg,295575_0.jpg
95,806175_0.jpg,1703276_3.jpg,1697507_0.jpg,475727_0.jpg,1367680_0.jpg,1684612_1.jpg,81006_1.jpg,304644_0.jpg,186850_0.jpg,1313329_0.jpg,946858_0.jpg
96,1239688_2.jpg,1239688_0.jpg,988975_0.jpg,891699_0.jpg,1661793_0.jpg,1324412_0.jpg,1193695_0.jpg,19751_1.jpg,528276_0.jpg,400214_0.jpg,659835_0.jpg
97,1148936_0.jpg,2150029_0.jpg,1723947_0.jpg,474588_0.jpg,304644_0.jpg,946858_1.jpg,946858_0.jpg,572424_1.jpg,1285337_0.jpg,1703276_3.jpg,74746_0.jpg
98,1463046_0.jpg,505182_0.jpg,505567_0.jpg,475727_3.jpg,475727_1.jpg,475727_2.jpg,505567_1.jpg,1153842_0.jpg,1324412_0.jpg,19751_1.jpg,174275_0.jpg
99,1223775_0.jpg,1170602_2.jpg,1748210_0.jpg,1811950_0.jpg,1918058_1.jpg,1838581_0.jpg,1243979_0.jpg,897532_0.jpg,1834410_0.jpg,475727_0.jpg,1367680_0.jpg
100,2188558_0.jpg,1428726_0.jpg,2200837_0.jpg,1428726_2.jpg,2200837_2.jpg,926526_0.jpg,1560000_1.jpg,2092691_1.jpg,113836_0.jpg,287368_0.jpg,1347582_0.jpg
101,674913_0.jpg,229094_0.jpg,1331755_0.jpg,1822046_0.jpg,540983_0.jpg,463272_0.jpg,1528196_0.jpg,1162481_0.jpg,419309_1.jpg,463272_1.jpg,1193695_1.jpg
102,1900174_1.jpg,1900174_3.jpg,1900174_2.jpg,1162481_0.jpg,1900174_0.jpg,572424_1.jpg,540983_0.jpg,674913_0.jpg,463272_0.jpg,1528196_0.jpg,856006_1.jpg
103,268568_0.jpg,2065721_0.jpg,540983_0.jpg,728946_0.jpg,727570_0.jpg,419309_1.jpg,463272_1.jpg,1193695_1.jpg,5514_2.jpg,861491_0.jpg,1331755_0.jpg
104,1158718_1.jpg,43354_2.jpg,293130_3.jpg,822775_3.jpg,1347582_3.jpg,359078_1.jpg,1889076_0.jpg,1686941_1.jpg,293130_2.jpg,822775_2.jpg,1469028_0.jpg
105,1703276_1.jpg,1703276_0.jpg,1396486_0.jpg,734024_1.jpg,865103_2.jpg,561904_2.jpg,728946_2.jpg,1396486_3.jpg,1982544_1.jpg,838976_0.jpg,734342_3.jpg
106,72326_1.jpg,1024602_0.jpg,971996_0.jpg,1199966_3.jpg,328944_0.jpg,328944_1.jpg,2034696_1.jpg,805537_1.jpg,698597_0.jpg,43354_1.jpg,1833356_0.jpg
107,540983_0.jpg,674913_0.jpg,1162481_0.jpg,229094_0.jpg,1331755_0.jpg,1822046_0.jpg,728946_0.jpg,419309_1.jpg,463272_1.jpg,1193695_1.jpg,1469028_0.jpg
108,505182_0.jpg,1463046_0.jpg,505567_0.jpg,1324412_0.jpg,1153842_0.jpg,475727_3.jpg,19751_1.jpg,988975_0.jpg,475727_2.jpg,215031_1.jpg,215031_2.jpg
109,832420_0.jpg,1977393_0.jpg,1246621_0.jpg,525316_0.jpg,1537812_1.jpg,1719471_0.jpg,856006_1.jpg,353002_0.jpg,961275_0.jpg,625620_0.jpg,1485588_0.jpg
110,463272_3.jpg,419309_3.jpg,1193695_3.jpg,419309_2.jpg,463272_2.jpg,1193695_2.jpg,1469028_1.jpg,295575_0.jpg,1199966_3.jpg,212424_0.jpg,1982544_3.jpg
111,865103_0.jpg,74746_0.jpg,5514_1.jpg,1313329_2.jpg,2150029_0.jpg,1285337_0.jpg,865103_3.jpg,561904_3.jpg,728946_3.jpg,1313329_3.jpg,946858_0.jpg
112,1822514_0.jpg,268568_1.jpg,81006_3.jpg,81006_0.jpg,359078_1.jpg,1396486_3.jpg,1703276_2.jpg,946858_0.jpg,90448_0.jpg,2094343_0.jpg,946858_1.jpg
113,347995_0.jpg,1239688_0.jpg,1239688_2.jpg,988975_0.jpg,2092144_0.jpg,20730_0.jpg,1684612_2.jpg,1562306_2.jpg,20730_3.jpg,215031_1.jpg,215031_2.jpg
114,1918058_3.jpg,2224355_0.jpg,1726783_0.jpg,19751_1.jpg,505567_2.jpg,20730_3.jpg,1582158_1.jpg,20730_1.jpg,891699_0.jpg,659835_0.jpg,1334460_0.jpg
115,359078_1.jpg,186850_0.jpg,806175_0.jpg,2101215_0.jpg,1822514_0.jpg,304644_2.jpg,939619_2.jpg,1367680_0.jpg,1396486_1.jpg,1170602_1.jpg,81006_3.jpg
116,7242_0.jpg,7242_1.jpg,1034992_0.jpg,319507_0.jpg,5514_0.jpg,1703276_3.jpg,474588_0.jpg,1034992_1.jpg,1313329_0.jpg,2198258_0.jpg,1248979_0.jpg
117,838976_2.jpg,1845508_2.jpg,838976_0.jpg,838976_1.jpg,81006_3.jpg,734024_3.jpg,81006_0.jpg,1845508_1.jpg,891699_1.jpg,1678602_0.jpg,609182_0.jpg
118,463272_3.jpg,419309_3.jpg,1193695_3.jpg,419309_2.jpg,463272_2.jpg,1193695_2.jpg,1469028_1.jpg,295575_0.jpg,1199966_3.jpg,212424_0.jpg,1982544_3.jpg
119,1246621_0.jpg,1833340_0.jpg,1833340_1.jpg,803384_0.jpg,1833340_2.jpg,353002_0.jpg,1537812_1.jpg,1367680_0.jpg,1170602_2.jpg,832420_0.jpg,1170602_1.jpg
120,353002_0.jpg,2101215_0.jpg,1485588_0.jpg,24507_0.jpg,625620_0.jpg,961275_0.jpg,1246621_0.jpg,1719471_0.jpg,420082_1.jpg,1849020_0.jpg,1378500_0.jpg
121,1992229_0.jpg,1992229_3.jpg,1992229_2.jpg,1204417_3.jpg,1520546_1.jpg,438049_0.jpg,269621_3.jpg,269621_1.jpg,269621_0.jpg,261540_0.jpg,1520546_3.jpg
122,1992229_1.jpg,1323996_0.jpg,561904_0.jpg,962607_1.jpg,261540_2.jpg,236641_0.jpg,1982544_0.jpg,806458_0.jpg,1204417_0.jpg,1123046_0.jpg,1396486_2.jpg
123,419309_2.jpg,463272_2.jpg,1193695_2.jpg,463272_3.jpg,419309_3.jpg,1193695_3.jpg,1469028_1.jpg,295575_0.jpg,212424_0.jpg,1199966_3.jpg,1982544_3.jpg
124,7242_1.jpg,1313329_3.jpg,7242_0.jpg,1313329_0.jpg,883121_0.jpg,1982544_1.jpg,946858_0.jpg,806175_0.jpg,474588_0.jpg,1703276_3.jpg,81006_3.jpg
125,359078_0.jpg,460054_0.jpg,1158718_0.jpg,1024602_0.jpg,1199966_3.jpg,1258869_0.jpg,971996_0.jpg,20730_2.jpg,328944_0.jpg,328944_1.jpg,212424_0.jpg
126,1918058_2.jpg,215031_1.jpg,215031_2.jpg,2220877_0.jpg,187449_0.jpg,505182_0.jpg,1153842_0.jpg,897532_0.jpg,1243979_0.jpg,24507_3.jpg,1463046_0.jpg
127,2101215_0.jpg,625620_0.jpg,1485588_0.jpg,353002_0.jpg,961275_0.jpg,1347582_0.jpg,1719471_0.jpg,24507_0.jpg,215031_0.jpg,1918058_1.jpg,1944510_0.jpg
128,229094_0.jpg,674913_0.jpg,1822046_0.jpg,1331755_0.jpg,1528196_0.jpg,463272_0.jpg,540983_0.jpg,572424_0.jpg,419309_0.jpg,1952801_0.jpg,1162481_0.jpg
129,865103_1.jpg,561904_1.jpg,728946_1.jpg,245397_0.jpg,375713_0.jpg,375713_1.jpg,1982544_3.jpg,1469028_1.jpg,2092144_0.jpg,715924_0.jpg,625620_0.jpg
130,1723947_0.jpg,474588_0.jpg,1148936_0.jpg,2150029_0.jpg,946858_0.jpg,946858_1.jpg,572424_1.jpg,1520546_2.jpg,883121_0.jpg,5514_1.jpg,269621_2.jpg
131,419309_2.jpg,463272_2.jpg,1193695_2.jpg,463272_3.jpg,419309_3.jpg,1193695_3.jpg,1469028_1.jpg,295575_0.jpg,212424_0.jpg,1199966_3.jpg,1982544_3.jpg
132,1703276_0.jpg,1703276_1.jpg,1396486_0.jpg,734024_1.jpg,865103_2.jpg,561904_2.jpg,728946_2.jpg,1396486_3.jpg,734342_3.jpg,838976_0.jpg,1845508_1.jpg
133,72326_0.jpg,1833356_0.jpg,2034696_1.jpg,805537_1.jpg,2248498_0.jpg,698597_0.jpg,1582796_0.jpg,709380_0.jpg,464681_0.jpg,328944_0.jpg,328944_1.jpg
134,268568_1.jpg,1822514_0.jpg,1396486_3.jpg,268568_3.jpg,81006_3.jpg,946858_0.jpg,1703276_2.jpg,946858_3.jpg,869989_0.jpg,939619_0.jpg,946858_1.jpg
135,1900174_0.jpg,876062_0.jpg,447146_0.jpg,1900174_2.jpg,572424_1.jpg,443627_1.jpg,107871_1.jpg,1944510_1.jpg,928951_1.jpg,463272_0.jpg,1900174_3.jpg
136,1379750_0.jpg,5514_0.jpg,1323996_0.jpg,1167245_0.jpg,1036386_0.jpg,1252280_0.jpg,529559_0.jpg,962607_1.jpg,917121_0.jpg,915410_0.jpg,1334460_0.jpg
137,2188558_1.jpg,926526_3.jpg,926526_2.jpg,939619_1.jpg,1703276_2.jpg,443627_2.jpg,1428726_1.jpg,2200837_1.jpg,1629568_0.jpg,19751_0.jpg,961275_3.jpg
138,727570_0.jpg,1036386_0.jpg,728946_0.jpg,1822046_0.jpg,1379750_0.jpg,540983_0.jpg,229094_0.jpg,674913_0.jpg,529559_0.jpg,5514_2.jpg,1252280_0.jpg
139,1900174_2.jpg,1900174_3.jpg,1900174_1.jpg,1900174_0.jpg,856006_1.jpg,876062_0.jpg,447146_0.jpg,463272_0.jpg,1528196_0.jpg,107871_1.jpg,1944510_1.jpg
140,43354_1.jpg,212424_0.jpg,1158718_0.jpg,1024602_0.jpg,20730_2.jpg,1918058_3.jpg,1258869_0.jpg,1199966_3.jpg,1239688_0.jpg,1239688_2.jpg,419309_2.jpg
141,268568_3.jpg,482126_0.jpg,268568_1.jpg,1982544_1.jpg,269621_3.jpg,81006_3.jpg,1313329_3.jpg,891699_1.jpg,269621_0.jpg,1079989_0.jpg,1079989_1.jpg
142,72326_2.jpg,948863_0.jpg,822775_0.jpg,2132976_0.jpg,929359_0.jpg,81006_0.jpg,1396486_1.jpg,609182_0.jpg,1095279_1.jpg,2248498_0.jpg,698597_0.jpg
143,1822046_0.jpg,229094_0.jpg,1252280_0.jpg,1952801_0.jpg,674913_0.jpg,529559_0.jpg,915410_0.jpg,419309_0.jpg,728946_0.jpg,1162481_0.jpg,540983_0.jpg
144,1703276_2.jpg,1396486_3.jpg,268568_1.jpg,443627_2.jpg,1822514_0.jpg,1629568_0.jpg,482126_0.jpg,1396486_1.jpg,1629568_1.jpg,926526_3.jpg,819483_1.jpg
145,463272_0.jpg,1528196_0.jpg,876062_0.jpg,447146_0.jpg,107871_1.jpg,1944510_1.jpg,928951_1.jpg,1849020_0.jpg,1485588_0.jpg,229094_0.jpg,572424_0.jpg
146,865103_3.jpg,561904_3.jpg,728946_3.jpg,5514_1.jpg,1204417_0.jpg,1520546_2.jpg,269621_0.jpg,1982544_0.jpg,269621_3.jpg,261540_2.jpg,865103_2.jpg
147,1095279_0.jpg,113836_0.jpg,475727_0.jpg,20730_0.jpg,20730_2.jpg,1748210_0.jpg,1248979_0.jpg,354301_0.jpg,1223775_0.jpg,782863_0.jpg,362349_0.jpg
148,698597_0.jpg,2034696_1.jpg,805537_1.jpg,1833356_0.jpg,2248498_0.jpg,1582796_0.jpg,971996_0.jpg,72326_0.jpg,72326_1.jpg,464681_0.jpg,709380_0.jpg
149,948863_0.jpg,822775_0.jpg,2132976_0.jpg,609182_0.jpg,192228_0.jpg,293130_0.jpg,822775_1.jpg,72326_2.jpg,2248498_0.jpg,1396486_1.jpg,293130_1.jpg
150,1918058_0.jpg,630288_0.jpg,163459_0.jpg,268568_1.jpg,869989_0.jpg,946858_2.jpg,268568_2.jpg,1703276_2.jpg,1396486_3.jpg,946858_3.jpg,2188558_1.jpg
151,838976_1.jpg,1845508_1.jpg,81006_0.jpg,81006_3.jpg,838976_2.jpg,734024_1.jpg,734342_3.jpg,734342_0.jpg,304644_0.jpg,1396486_0.jpg,1678602_0.jpg
152,419309_0.jpg,529559_0.jpg,1252280_0.jpg,1952801_0.jpg,915410_0.jpg,1822046_0.jpg,1209465_0.jpg,1562306_2.jpg,1684612_2.jpg,1334460_0.jpg,1162481_0.jpg
153,2132976_0.jpg,609182_0.jpg,1378500_0.jpg,1396486_1.jpg,1684612_1.jpg,961275_1.jpg,948863_0.jpg,475727_0.jpg,734342_2.jpg,1697507_0.jpg,734342_1.jpg
154,1992229_3.jpg,1992229_0.jpg,1204417_3.jpg,269621_1.jpg,438049_0.jpg,1520546_1.jpg,962746_0.jpg,269621_3.jpg,1992229_2.jpg,269621_0.jpg,438049_1.jpg
155,1992229_2.jpg,1347582_2.jpg,1992229_0.jpg,269621_0.jpg,1992229_3.jpg,443627_0.jpg,438049_0.jpg,1508534_0.jpg,1520546_1.jpg,1204417_3.jpg,269621_3.jpg
156,419309_1.jpg,463272_1.jpg,1193695_1.jpg,1469028_0.jpg,1331755_0.jpg,540983_0.jpg,861491_0.jpg,674913_0.jpg,2065721_0.jpg,229094_0.jpg,463272_0.jpg
157,838976_0.jpg,734342_2.jpg,838976_2.jpg,734342_1.jpg,81006_0.jpg,1845508_0.jpg,81006_1.jpg,81006_2.jpg,838976_1.jpg,81006_3.jpg,1982544_1.jpg
158,1918058_1.jpg,1170602_0.jpg,295575_0.jpg,1838581_0.jpg,1223775_0.jpg,1170602_2.jpg,187449_0.jpg,347305_0.jpg,897532_0.jpg,215031_0.jpg,1748210_0.jpg
159,897532_0.jpg,1243979_0.jpg,295575_0.jpg,1834410_0.jpg,715924_0.jpg,24507_1.jpg,1562306_2.jpg,215031_1.jpg,215031_2.jpg,347995_0.jpg,362349_0.jpg
160,1095279_1.jpg,347305_0.jpg,806175_0.jpg,463272_3.jpg,419309_3.jpg,1193695_3.jpg,1367680_0.jpg,1170602_0.jpg,1199966_3.jpg,419309_2.jpg,463272_2.jpg
161,806458_0.jpg,1025295_0.jpg,1396486_2.jpg,236641_0.jpg,1982544_0.jpg,734024_2.jpg,1507382_0.jpg,367137_0.jpg,1299252_0.jpg,1123046_0.jpg,5514_0.jpg
162,865103_2.jpg,561904_2.jpg,728946_2.jpg,1703276_0.jpg,1703276_1.jpg,269621_3.jpg,438049_1.jpg,865103_3.jpg,561904_3.jpg,728946_3.jpg,269621_1.jpg
163,419309_1.jpg,463272_1.jpg,1193695_1.jpg,1469028_0.jpg,1331755_0.jpg,540983_0.jpg,861491_0.jpg,674913_0.jpg,2065721_0.jpg,229094_0.jpg,463272_0.jpg
164,1703276_3.jpg,475727_0.jpg,1396486_2.jpg,806175_0.jpg,319507_0.jpg,572424_1.jpg,1697507_0.jpg,5514_0.jpg,782863_0.jpg,1982544_0.jpg,304644_0.jpg
165,43354_0.jpg,1024602_0.jpg,328944_0.jpg,328944_1.jpg,1158718_0.jpg,72326_1.jpg,971996_0.jpg,1833356_0.jpg,43354_1.jpg,2034696_1.jpg,805537_1.jpg
166,268568_2.jpg,163459_0.jpg,19751_2.jpg,869989_0.jpg,438049_1.jpg,1918058_0.jpg,1347582_1.jpg,865103_0.jpg,630288_0.jpg,1520546_0.jpg,1313329_2.jpg
167,1900174_3.jpg,1900174_1.jpg,1900174_2.jpg,1162481_0.jpg,1528196_0.jpg,463272_0.jpg,24507_1.jpg,572424_1.jpg,1918058_2.jpg,529559_0.jpg,1822046_0.jpg
168,856006_0.jpg,1656308_0.jpg,2065721_0.jpg,1528196_0.jpg,1485588_0.jpg,463272_0.jpg,1239688_1.jpg,24507_0.jpg,1684612_1.jpg,572424_1.jpg,609182_1.jpg
169,1367680_0.jpg,1223775_0.jpg,1748210_0.jpg,962607_0.jpg,962607_3.jpg,1944510_0.jpg,107871_0.jpg,928951_0.jpg,1918058_1.jpg,347305_0.jpg,806175_0.jpg
170,1982544_1.jpg,7242_1.jpg,1313329_3.jpg,269621_3.jpg,1186833_0.jpg,81006_3.jpg,1982544_2.jpg,1982544_0.jpg,1204417_0.jpg,268568_3.jpg,1703276_3.jpg
171,328944_0.jpg,328944_1.jpg,464681_0.jpg,72326_1.jpg,1024602_0.jpg,460054_0.jpg,1833356_0.jpg,1199966_1.jpg,1199966_2.jpg,971996_0.jpg,1199966_0.jpg
172,20730_1.jpg,20730_0.jpg,20730_3.jpg,1684612_2.jpg,1684612_0.jpg,505567_2.jpg,891699_0.jpg,1661793_0.jpg,1726783_0.jpg,347995_0.jpg,1918058_3.jpg
173,1686941_0.jpg,1562306_1.jpg,1849020_0.jpg,1562306_0.jpg,1916292_0.jpg,1239688_1.jpg,572424_0.jpg,1412285_0.jpg,107871_1.jpg,1944510_1.jpg,928951_1.jpg
174,1334460_0.jpg,19751_1.jpg,1167245_0.jpg,1562306_2.jpg,988975_0.jpg,1239688_2.jpg,891699_0.jpg,475727_2.jpg,505567_0.jpg,1153842_0.jpg,1239688_0.jpg
175,1845508_1.jpg,838976_1.jpg,734342_3.jpg,734342_0.jpg,2233905_0.jpg,961275_0.jpg,734024_1.jpg,1656308_1.jpg,81006_0.jpg,962607_2.jpg,1845508_2.jpg
176,529559_0.jpg,1252280_0.jpg,419309_0.jpg,915410_0.jpg,1952801_0.jpg,1334460_0.jpg,1167245_0.jpg,917121_0.jpg,1562306_2.jpg,1822046_0.jpg,1209465_0.jpg
177,1833340_0.jpg,1833340_2.jpg,1833340_1.jpg,1170602_2.jpg,1246621_0.jpg,1170602_1.jpg,1223775_0.jpg,1918058_1.jpg,1367680_0.jpg,1838581_0.jpg,819483_1.jpg
178,525316_0.jpg,1537812_1.jpg,1134177_0.jpg,832420_0.jpg,1246621_0.jpg,420082_0.jpg,819483_1.jpg,1562306_0.jpg,1537812_0.jpg,819483_0.jpg,1900174_2.jpg
179,926526_0.jpg,1428726_2.jpg,2200837_2.jpg,1428726_0.jpg,2200837_0.jpg,2188558_0.jpg,1560000_1.jpg,2092691_1.jpg,113836_0.jpg,287368_0.jpg,1347582_0.jpg
180,1977393_0.jpg,625620_0.jpg,1944510_0.jpg,107871_0.jpg,928951_0.jpg,1469028_1.jpg,961275_0.jpg,245397_0.jpg,1367680_0.jpg,1033540_0.jpg,295575_0.jpg
181,473558_0.jpg,473558_1.jpg,1186833_1.jpg,1186833_0.jpg,482126_0.jpg,1992229_3.jpg,1520546_1.jpg,721865_0.jpg,721865_1.jpg,721865_2.jpg,269621_1.jpg
182,319507_0.jpg,1428726_3.jpg,2200837_3.jpg,1562306_2.jpg,1209465_0.jpg,20730_0.jpg,20730_3.jpg,347995_0.jpg,715924_0.jpg,1243979_0.jpg,362349_0.jpg
183,1170602_2.jpg,1833340_1.jpg,1223775_0.jpg,1833340_2.jpg,1918058_1.jpg,1838581_0.jpg,1833340_0.jpg,1243979_0.jpg,1834410_0.jpg,897532_0.jpg,187449_0.jpg
184,1170602_3.jpg,347305_0.jpg,1367680_0.jpg,1170602_0.jpg,1170602_1.jpg,1918058_1.jpg,1223775_0.jpg,1838581_0.jpg,1170602_2.jpg,806175_0.jpg,962607_0.jpg
185,1560000_0.jpg,2092691_2.jpg,1560000_2.jpg,2092691_0.jpg,1582158_0.jpg,400214_0.jpg,174275_0.jpg,659835_0.jpg,505567_2.jpg,1582158_1.jpg,1684612_0.jpg
186,473558_1.jpg,1186833_1.jpg,1186833_0.jpg,482126_0.jpg,443627_1.jpg,891699_1.jpg,1396486_1.jpg,473558_0.jpg,1378500_0.jpg,1697507_0.jpg,59726_0.jpg
187,926526_1.jpg,1629568_1.jpg,1629568_2.jpg,353002_0.jpg,24507_0.jpg,420082_1.jpg,464681_1.jpg,734024_1.jpg,1396486_0.jpg,1378500_0.jpg,287368_2.jpg
188,1833340_1.jpg,1833340_2.jpg,1170602_2.jpg,1833340_0.jpg,1223775_0.jpg,1849020_0.jpg,1834410_0.jpg,1246621_0.jpg,1243979_0.jpg,803384_0.jpg,1918058_1.jpg
189,665464_0.jpg,1888182_0.jpg,260027_0.jpg,1686941_1.jpg,2094343_0.jpg,1537812_0.jpg,186850_0.jpg,90448_0.jpg,359078_1.jpg,420082_1.jpg,420082_0.jpg
190,1834410_0.jpg,1811950_0.jpg,1243979_0.jpg,897532_0.jpg,1748210_0.jpg,362349_0.jpg,2220877_0.jpg,1223775_0.jpg,347995_0.jpg,295575_0.jpg,215031_1.jpg
191,1845508_0.jpg,1845508_2.jpg,734342_2.jpg,1159293_0.jpg,561904_0.jpg,1396486_2.jpg,838976_0.jpg,734342_1.jpg,2233905_0.jpg,1299252_0.jpg,236641_0.jpg
192,2094343_0.jpg,90448_0.jpg,819483_0.jpg,1537812_0.jpg,1134177_0.jpg,1246621_0.jpg,1822514_0.jpg,420082_0.jpg,1537812_1.jpg,304644_2.jpg,939619_2.jpg
193,1686941_1.jpg,186850_0.jpg,929359_0.jpg,1367680_0.jpg,293130_1.jpg,1396486_1.jpg,304644_2.jpg,939619_2.jpg,1469028_0.jpg,1095279_1.jpg,107871_1.jpg
194,20730_0.jpg,20730_1.jpg,347995_0.jpg,1684612_2.jpg,20730_3.jpg,354301_0.jpg,1248979_0.jpg,1562306_2.jpg,1239688_0.jpg,1661793_0.jpg,2092144_0.jpg
195,328944_0.jpg,328944_1.jpg,464681_0.jpg,72326_1.jpg,1024602_0.jpg,460054_0.jpg,1833356_0.jpg,1199966_1.jpg,1199966_2.jpg,971996_0.jpg,1199966_0.jpg
196,1982544_0.jpg,1520546_2.jpg,367137_0.jpg,5514_0.jpg,1703276_3.jpg,806458_0.jpg,474588_0.jpg,1025295_0.jpg,1396486_2.jpg,319507_0.jpg,269621_2.jpg
197,856006_1.jpg,1977393_0.jpg,803384_0.jpg,1719471_0.jpg,1900174_2.jpg,1537812_1.jpg,1849020_0.jpg,832420_0.jpg,1944510_0.jpg,107871_0.jpg,928951_0.jpg
198,1582158_0.jpg,174275_0.jpg,400214_0.jpg,1582158_1.jpg,475727_1.jpg,475727_3.jpg,475727_2.jpg,659835_0.jpg,1560000_0.jpg,2092691_2.jpg,505567_0.jpg
199,1982544_2.jpg,1313329_0.jpg,1982544_1.jpg,1684612_1.jpg,1396486_2.jpg,81006_1.jpg,1982544_0.jpg,806458_0.jpg,1703276_3.jpg,1520546_2.jpg,1697507_0.jpg
200,20730_2.jpg,354301_0.jpg,20730_0.jpg,1258869_0.jpg,347995_0.jpg,1034992_2.jpg,20730_1.jpg,113836_0.jpg,375713_1.jpg,1248979_0.jpg,782863_0.jpg
201,1845508_2.jpg,838976_2.jpg,1845508_0.jpg,1845508_1.jpg,891699_1.jpg,1378500_0.jpg,2233905_0.jpg,1396486_1.jpg,865103_2.jpg,561904_2.jpg,728946_2.jpg
202,163459_0.jpg,869989_0.jpg,268568_2.jpg,1465250_0.jpg,1108752_0.jpg,19751_2.jpg,1918058_0.jpg,630288_0.jpg,1079989_0.jpg,1079989_1.jpg,1079989_2.jpg
203,1833340_3.jpg,961275_2.jpg,961275_3.jpg,1428726_1.jpg,2200837_1.jpg,1198492_0.jpg,1833340_0.jpg,1170602_1.jpg,1833340_2.jpg,819483_1.jpg,1170602_2.jpg
204,1108752_0.jpg,891699_1.jpg,163459_0.jpg,822775_1.jpg,869989_0.jpg,1079989_0.jpg,1079989_1.jpg,1079989_2.jpg,946858_2.jpg,1396486_1.jpg,883121_0.jpg
205,803384_0.jpg,215031_0.jpg,715924_0.jpg,1838581_0.jpg,1772322_0.jpg,187449_0.jpg,1223775_0.jpg,295575_0.jpg,897532_0.jpg,1243979_0.jpg,1918058_1.jpg
206,926526_3.jpg,2188558_1.jpg,1703276_2.jpg,961275_3.jpg,926526_2.jpg,819483_0.jpg,1629568_0.jpg,1629568_2.jpg,1889076_0.jpg,939619_1.jpg,2094343_0.jpg
207,1507382_0.jpg,1299252_0.jpg,236641_0.jpg,806458_0.jpg,1396486_2.jpg,1025295_0.jpg,1123046_0.jpg,561904_0.jpg,1982544_0.jpg,367137_0.jpg,269621_2.jpg
208,1560000_2.jpg,2092691_0.jpg,1560000_0.jpg,2092691_2.jpg,1582158_0.jpg,174275_0.jpg,659835_0.jpg,400214_0.jpg,1684612_0.jpg,1582158_1.jpg,505567_2.jpg
209,1170602_1.jpg,1367680_0.jpg,1170602_3.jpg,347305_0.jpg,1833340_0.jpg,962607_0.jpg,962607_3.jpg,1170602_0.jpg,1246621_0.jpg,1170602_2.jpg,1918058_1.jpg
210,1170602_0.jpg,1918058_1.jpg,347305_0.jpg,295575_0.jpg,1838581_0.jpg,187449_0.jpg,24507_2.jpg,1223775_0.jpg,1748210_0.jpg,1367680_0.jpg,1170602_3.jpg
211,1560000_1.jpg,2092691_1.jpg,926526_0.jpg,1428726_2.jpg,2200837_2.jpg,1428726_0.jpg,2200837_0.jpg,2188558_0.jpg,113836_0.jpg,287368_1.jpg,287368_0.jpg
212,929359_0.jpg,1686941_1.jpg,1095279_1.jpg,948863_0.jpg,304644_2.jpg,939619_2.jpg,192228_0.jpg,822775_0.jpg,72326_2.jpg,304644_1.jpg,186850_0.jpg
213,528276_0.jpg,917121_0.jpg,988975_0.jpg,1193695_0.jpg,1562306_2.jpg,1239688_2.jpg,1239688_0.jpg,1324412_0.jpg,215031_1.jpg,215031_2.jpg,1153842_0.jpg
214,2065721_0.jpg,876062_0.jpg,447146_0.jpg,463272_0.jpg,107871_1.jpg,1944510_1.jpg,928951_1.jpg,856006_0.jpg,1469028_0.jpg,419309_1.jpg,463272_1.jpg
215,926526_2.jpg,2188558_1.jpg,443627_2.jpg,926526_3.jpg,1703276_2.jpg,19751_0.jpg,939619_1.jpg,819483_1.jpg,443627_0.jpg,1629568_0.jpg,1629568_2.jpg
216,1833340_2.jpg,1833340_1.jpg,1833340_0.jpg,1170602_2.jpg,1223775_0.jpg,1246621_0.jpg,1849020_0.jpg,1918058_1.jpg,803384_0.jpg,1838581_0.jpg,1412285_0.jpg
217,20730_3.jpg,19751_1.jpg,20730_1.jpg,891699_0.jpg,505567_2.jpg,988975_0.jpg,1684612_0.jpg,1661793_0.jpg,1239688_2.jpg,1726783_0.jpg,1239688_0.jpg
218,1982544_3.jpg,1469028_1.jpg,245397_0.jpg,375713_1.jpg,1629568_3.jpg,865103_1.jpg,561904_1.jpg,728946_1.jpg,347995_0.jpg,1034992_2.jpg,2198258_0.jpg
219,1582158_1.jpg,400214_0.jpg,891699_0.jpg,19751_1.jpg,174275_0.jpg,475727_2.jpg,1582158_0.jpg,475727_1.jpg,659835_0.jpg,505567_0.jpg,475727_3.jpg
220,856006_2.jpg,1656308_2.jpg,1977393_0.jpg,1469028_1.jpg,1944510_0.jpg,107871_0.jpg,928951_0.jpg,625620_0.jpg,832420_0.jpg,1367680_0.jpg,865103_1.jpg
221,1521081_0.jpg,1684612_2.jpg,1726783_0.jpg,20730_3.jpg,505567_2.jpg,347995_0.jpg,891699_0.jpg,1684612_0.jpg,19751_1.jpg,2224355_0.jpg,659835_0.jpg
222,730312_0.jpg,375713_0.jpg,1485588_0.jpg,715924_0.jpg,572424_0.jpg,1719471_1.jpg,832420_0.jpg,1719471_0.jpg,1916292_0.jpg,1562306_1.jpg,625620_0.jpg
223,1697507_0.jpg,806175_0.jpg,1703276_3.jpg,475727_0.jpg,1367680_0.jpg,962607_0.jpg,962607_3.jpg,1033540_0.jpg,1036386_0.jpg,961275_0.jpg,1223775_0.jpg
224,420082_1.jpg,1537812_1.jpg,353002_0.jpg,819483_1.jpg,24507_0.jpg,420082_0.jpg,2101215_0.jpg,1367680_0.jpg,803384_0.jpg,1944510_0.jpg,107871_0.jpg
225,734024_1.jpg,1396486_0.jpg,734342_3.jpg,1703276_0.jpg,734342_0.jpg,1703276_3.jpg,353002_0.jpg,1656308_1.jpg,838976_1.jpg,1845508_1.jpg,1703276_1.jpg
226,1629568_3.jpg,1239688_2.jpg,1661793_0.jpg,1239688_0.jpg,1684612_0.jpg,891699_0.jpg,20730_3.jpg,19751_1.jpg,659835_0.jpg,2092144_0.jpg,24507_3.jpg
227,861491_0.jpg,1331755_0.jpg,419309_1.jpg,463272_1.jpg,1193695_1.jpg,540983_0.jpg,1469028_0.jpg,229094_0.jpg,2065721_0.jpg,674913_0.jpg,856006_0.jpg
228,1811950_0.jpg,1834410_0.jpg,1748210_0.jpg,1243979_0.jpg,897532_0.jpg,1223775_0.jpg,295575_0.jpg,362349_0.jpg,347995_0.jpg,2220877_0.jpg,1838581_0.jpg
229,443627_1.jpg,961275_0.jpg,81006_3.jpg,1703276_3.jpg,1186833_0.jpg,473558_1.jpg,1186833_1.jpg,891699_1.jpg,572424_1.jpg,734024_3.jpg,1396486_1.jpg
230,961275_0.jpg,625620_0.jpg,1485588_0.jpg,475727_0.jpg,782863_0.jpg,1703276_3.jpg,1977393_0.jpg,1697507_0.jpg,1719471_0.jpg,1656308_1.jpg,24507_0.jpg
231,463272_3.jpg,419309_3.jpg,1193695_3.jpg,419309_2.jpg,463272_2.jpg,1193695_2.jpg,1469028_1.jpg,295575_0.jpg,1199966_3.jpg,212424_0.jpg,1982544_3.jpg
232,1748210_0.jpg,1811950_0.jpg,1834410_0.jpg,1223775_0.jpg,1243979_0.jpg,362349_0.jpg,897532_0.jpg,295575_0.jpg,1918058_1.jpg,1838581_0.jpg,1367680_0.jpg
233,1167245_0.jpg,1334460_0.jpg,475727_2.jpg,475727_1.jpg,475727_3.jpg,505182_0.jpg,988975_0.jpg,505567_0.jpg,891699_0.jpg,1324412_0.jpg,1239688_2.jpg
234,876062_0.jpg,447146_0.jpg,107871_1.jpg,1944510_1.jpg,928951_1.jpg,463272_0.jpg,2065721_0.jpg,1528196_0.jpg,1239688_1.jpg,1900174_0.jpg,1900174_2.jpg
235,419309_2.jpg,463272_2.jpg,1193695_2.jpg,463272_3.jpg,419309_3.jpg,1193695_3.jpg,1469028_1.jpg,295575_0.jpg,212424_0.jpg,1199966_3.jpg,1982544_3.jpg
236,961275_1.jpg,475727_0.jpg,1684612_1.jpg,2132976_0.jpg,782863_0.jpg,609182_0.jpg,961275_0.jpg,1944510_0.jpg,107871_0.jpg,928951_0.jpg,304644_0.jpg
237,1688531_0.jpg,782863_0.jpg,734024_0.jpg,962607_1.jpg,1034992_1.jpg,20730_2.jpg,1034992_0.jpg,1034992_2.jpg,1248979_0.jpg,20730_0.jpg,596270_1.jpg
238,443627_0.jpg,443627_2.jpg,1204417_3.jpg,1396486_3.jpg,1347582_3.jpg,1347582_2.jpg,438049_0.jpg,1992229_2.jpg,962607_2.jpg,443627_1.jpg,1508534_0.jpg
239,1838581_0.jpg,187449_0.jpg,1918058_1.jpg,295575_0.jpg,1223775_0.jpg,897532_0.jpg,1170602_2.jpg,1170602_0.jpg,1772322_0.jpg,215031_0.jpg,1243979_0.jpg
240,1629568_2.jpg,1629568_0.jpg,1629568_1.jpg,926526_1.jpg,464681_1.jpg,1396486_1.jpg,1703276_2.jpg,1678602_0.jpg,420082_1.jpg,869989_0.jpg,962746_1.jpg
241,734024_0.jpg,962607_1.jpg,1726783_0.jpg,1684612_2.jpg,596270_0.jpg,24507_1.jpg,734024_2.jpg,1248979_0.jpg,20730_0.jpg,782863_0.jpg,20730_1.jpg
242,420082_0.jpg,1537812_0.jpg,1537812_1.jpg,420082_1.jpg,525316_0.jpg,1246621_0.jpg,819483_0.jpg,353002_0.jpg,1134177_0.jpg,2101215_0.jpg,1485588_0.jpg
243,988975_0.jpg,1239688_2.jpg,1239688_0.jpg,528276_0.jpg,1324412_0.jpg,1193695_0.jpg,19751_1.jpg,891699_0.jpg,1661793_0.jpg,400214_0.jpg,1153842_0.jpg
244,734024_2.jpg,20730_1.jpg,20730_3.jpg,734024_0.jpg,1209465_0.jpg,20730_0.jpg,367137_0.jpg,1726783_0.jpg,1684612_2.jpg,1248979_0.jpg,1918058_3.jpg
245,236641_0.jpg,1299252_0.jpg,1507382_0.jpg,561904_0.jpg,806458_0.jpg,1396486_2.jpg,1025295_0.jpg,367137_0.jpg,1123046_0.jpg,5514_0.jpg,734024_2.jpg
246,1629568_0.jpg,1629568_1.jpg,1629568_2.jpg,1703276_2.jpg,1396486_1.jpg,443627_2.jpg,1678602_0.jpg,869989_0.jpg,822775_1.jpg,926526_1.jpg,1396486_3.jpg
247,1944510_0.jpg,107871_0.jpg,928951_0.jpg,1977393_0.jpg,362349_0.jpg,1719471_0.jpg,1748210_0.jpg,1719471_1.jpg,1367680_0.jpg,24507_0.jpg,625620_0.jpg
248,443627_2.jpg,443627_0.jpg,1396486_3.jpg,1703276_2.jpg,1204417_3.jpg,268568_1.jpg,962607_2.jpg,443627_1.jpg,1629568_0.jpg,1396486_1.jpg,1347582_3.jpg
249,1889076_0.jpg,1158718_1.jpg,43354_2.jpg,1347582_3.jpg,1703276_2.jpg,665464_0.jpg,268568_1.jpg,90448_0.jpg,482126_0.jpg,2094343_0.jpg,926526_3.jpg
250,1193695_0.jpg,400214_0.jpg,988975_0.jpg,505567_0.jpg,891699_0.jpg,528276_0.jpg,1239688_2.jpg,1661793_0.jpg,19751_1.jpg,1324412_0.jpg,1239688_0.jpg
251,961275_3.jpg,926526_3.jpg,2188558_1.jpg,961275_2.jpg,1428726_1.jpg,2200837_1.jpg,1198492_0.jpg,1833340_3.jpg,819483_0.jpg,819483_1.jpg,1703276_2.jpg
252,460054_0.jpg,359078_0.jpg,328944_0.jpg,328944_1.jpg,1158718_0.jpg,1024602_0.jpg,971996_0.jpg,1199966_3.jpg,1199966_1.jpg,1199966_2.jpg,1199966_0.jpg
253,1944510_0.jpg,107871_0.jpg,928951_0.jpg,1977393_0.jpg,362349_0.jpg,1719471_0.jpg,1748210_0.jpg,1719471_1.jpg,1367680_0.jpg,24507_0.jpg,625620_0.jpg
254,1198492_0.jpg,1428726_1.jpg,2200837_1.jpg,268568_1.jpg,1703276_2.jpg,1396486_3.jpg,939619_0.jpg,838976_2.jpg,838976_1.jpg,443627_2.jpg,1678602_0.jpg
255,2150029_0.jpg,1285337_0.jpg,74746_0.jpg,1148936_0.jpg,1313329_2.jpg,1723947_0.jpg,946858_0.jpg,946858_1.jpg,5514_1.jpg,865103_0.jpg,304644_0.jpg
256,2198258_0.jpg,1239688_0.jpg,1562306_2.jpg,1324412_0.jpg,1239688_2.jpg,1209465_0.jpg,215031_1.jpg,215031_2.jpg,347995_0.jpg,988975_0.jpg,917121_0.jpg
257,474588_0.jpg,1313329_1.jpg,1982544_0.jpg,7242_0.jpg,1703276_3.jpg,1723947_0.jpg,1520546_2.jpg,572424_1.jpg,5514_0.jpg,1313329_0.jpg,269621_2.jpg
258,107871_1.jpg,1944510_1.jpg,928951_1.jpg,876062_0.jpg,447146_0.jpg,1239688_1.jpg,463272_0.jpg,2065721_0.jpg,1528196_0.jpg,1849020_0.jpg,1485588_0.jpg
259,961275_2.jpg,1833340_3.jpg,961275_3.jpg,1170602_1.jpg,1428726_1.jpg,2200837_1.jpg,1170602_2.jpg,1833340_0.jpg,1198492_0.jpg,1331755_0.jpg,1833340_1.jpg
260,419309_1.jpg,463272_1.jpg,1193695_1.jpg,1469028_0.jpg,1331755_0.jpg,540983_0.jpg,861491_0.jpg,674913_0.jpg,2065721_0.jpg,229094_0.jpg,463272_0.jpg
261,212424_0.jpg,43354_1.jpg,1024602_0.jpg,20730_2.jpg,1258869_0.jpg,419309_2.jpg,463272_2.jpg,1193695_2.jpg,354301_0.jpg,463272_3.jpg,419309_3.jpg
262,107871_1.jpg,1944510_1.jpg,928951_1.jpg,876062_0.jpg,447146_0.jpg,1239688_1.jpg,463272_0.jpg,2065721_0.jpg,1528196_0.jpg,1849020_0.jpg,1485588_0.jpg
263,1629568_1.jpg,1629568_0.jpg,1396486_1.jpg,1629568_2.jpg,926526_1.jpg,1678602_0.jpg,869989_0.jpg,609182_0.jpg,1378500_0.jpg,1703276_2.jpg,891699_1.jpg
264,295575_0.jpg,897532_0.jpg,1243979_0.jpg,187449_0.jpg,24507_2.jpg,24507_1.jpg,1918058_1.jpg,1838581_0.jpg,215031_0.jpg,1811950_0.jpg,419309_2.jpg
265,734024_3.jpg,443627_1.jpg,1684612_1.jpg,81006_3.jpg,891699_1.jpg,734024_1.jpg,572424_1.jpg,1396486_0.jpg,59726_0.jpg,1378500_0.jpg,838976_2.jpg
266,659835_0.jpg,174275_0.jpg,400214_0.jpg,891699_0.jpg,505567_2.jpg,1684612_0.jpg,1661793_0.jpg,505567_0.jpg,1239688_2.jpg,19751_1.jpg,1582158_1.jpg
267,596270_0.jpg,596270_1.jpg,734024_0.jpg,1726783_0.jpg,1772322_0.jpg,187449_0.jpg,962607_1.jpg,24507_2.jpg,1684612_2.jpg,24507_1.jpg,20730_3.jpg
268,1952801_0.jpg,915410_0.jpg,1252280_0.jpg,1684612_2.jpg,529559_0.jpg,419309_0.jpg,347995_0.jpg,1822046_0.jpg,362349_0.jpg,572424_0.jpg,24507_1.jpg
269,915410_0.jpg,1952801_0.jpg,1252280_0.jpg,1684612_2.jpg,529559_0.jpg,347995_0.jpg,419309_0.jpg,988975_0.jpg,215031_1.jpg,215031_2.jpg,1243979_0.jpg
270,891699_2.jpg,891699_3.jpg,1845508_1.jpg,734342_3.jpg,734342_0.jpg,734024_1.jpg,269621_2.jpg,1656308_1.jpg,1396486_0.jpg,838976_1.jpg,1396486_2.jpg
271,946858_3.jpg,946858_1.jpg,946858_0.jpg,304644_1.jpg,939619_0.jpg,1285337_0.jpg,304644_0.jpg,268568_1.jpg,577393_0.jpg,81006_3.jpg,891699_1.jpg
272,869989_0.jpg,163459_0.jpg,1396486_1.jpg,268568_1.jpg,891699_1.jpg,482126_0.jpg,1629568_1.jpg,81006_3.jpg,946858_0.jpg,1079989_0.jpg,1079989_1.jpg
273,821524_2.jpg,821524_1.jpg,821524_0.jpg,1079989_0.jpg,1079989_1.jpg,1079989_2.jpg,1508534_0.jpg,1324412_1.jpg,721865_0.jpg,721865_1.jpg,721865_2.jpg
274,635622_0.jpg,268568_3.jpg,1723947_0.jpg,1347582_1.jpg,1313329_3.jpg,438049_0.jpg,7242_1.jpg,1396486_3.jpg,865103_3.jpg,561904_3.jpg,728946_3.jpg
275,2224355_0.jpg,505567_2.jpg,19751_1.jpg,891699_0.jpg,400214_0.jpg,505567_1.jpg,659835_0.jpg,1582158_1.jpg,505567_0.jpg,1918058_3.jpg,1684612_0.jpg
276,1678602_0.jpg,59726_0.jpg,1396486_1.jpg,838976_1.jpg,609182_0.jpg,1845508_1.jpg,1629568_1.jpg,81006_3.jpg,891699_1.jpg,81006_0.jpg,443627_1.jpg
277,1025295_0.jpg,806458_0.jpg,1123046_0.jpg,1982544_0.jpg,1396486_2.jpg,1507382_0.jpg,269621_2.jpg,1299252_0.jpg,236641_0.jpg,734342_3.jpg,367137_0.jpg
278,1347582_0.jpg,354301_0.jpg,24507_1.jpg,20730_2.jpg,295575_0.jpg,1485588_0.jpg,475727_0.jpg,1918058_1.jpg,1223775_0.jpg,20730_0.jpg,215031_0.jpg
279,1396486_2.jpg,1703276_3.jpg,806458_0.jpg,475727_0.jpg,734342_3.jpg,962607_1.jpg,782863_0.jpg,1982544_0.jpg,734024_2.jpg,1025295_0.jpg,236641_0.jpg
280,734342_0.jpg,734342_3.jpg,734342_1.jpg,1396486_2.jpg,734342_2.jpg,1703276_3.jpg,475727_0.jpg,1396486_0.jpg,734024_1.jpg,81006_2.jpg,1656308_1.jpg
281,1153842_0.jpg,505567_0.jpg,19751_1.jpg,988975_0.jpg,215031_1.jpg,215031_2.jpg,505182_0.jpg,1324412_0.jpg,1193695_0.jpg,891699_0.jpg,505567_2.jpg
282,1204417_2.jpg,438049_1.jpg,1918058_0.jpg,865103_2.jpg,561904_2.jpg,728946_2.jpg,1204417_1.jpg,630288_0.jpg,962746_1.jpg,1198492_0.jpg,962746_0.jpg
283,939619_1.jpg,2188558_1.jpg,1629568_0.jpg,926526_2.jpg,293130_2.jpg,822775_2.jpg,293130_1.jpg,929359_0.jpg,822775_1.jpg,1629568_2.jpg,1108752_0.jpg
284,5514_2.jpg,728946_0.jpg,727570_0.jpg,540983_0.jpg,1822046_0.jpg,674913_0.jpg,268568_0.jpg,529559_0.jpg,229094_0.jpg,572424_2.jpg,1331755_0.jpg
285,939619_0.jpg,304644_1.jpg,304644_0.jpg,946858_3.jpg,946858_0.jpg,268568_1.jpg,946858_1.jpg,81006_3.jpg,838976_1.jpg,869989_0.jpg,186850_0.jpg
286,1204417_3.jpg,1992229_3.jpg,1204417_0.jpg,443627_0.jpg,1992229_0.jpg,443627_2.jpg,1520546_1.jpg,962607_2.jpg,269621_0.jpg,1347582_3.jpg,438049_0.jpg
287,367137_0.jpg,1209465_0.jpg,1562306_2.jpg,734024_2.jpg,319507_0.jpg,1982544_0.jpg,20730_3.jpg,1334460_0.jpg,20730_1.jpg,20730_0.jpg,5514_0.jpg
288,734342_1.jpg,81006_1.jpg,734342_2.jpg,734342_3.jpg,81006_2.jpg,475727_0.jpg,734342_0.jpg,596270_1.jpg,1396486_2.jpg,1703276_3.jpg,782863_0.jpg
289,1396486_3.jpg,268568_1.jpg,1703276_2.jpg,443627_2.jpg,81006_3.jpg,1703276_0.jpg,443627_0.jpg,1822514_0.jpg,1703276_1.jpg,1204417_3.jpg,838976_1.jpg
290,1347582_1.jpg,1520546_0.jpg,19751_2.jpg,1347582_2.jpg,438049_0.jpg,268568_3.jpg,883121_0.jpg,438049_1.jpg,1079989_0.jpg,1079989_1.jpg,1079989_2.jpg
291,946858_2.jpg,946858_3.jpg,1108752_0.jpg,577393_0.jpg,946858_1.jpg,163459_0.jpg,1520546_0.jpg,946858_0.jpg,1918058_0.jpg,268568_1.jpg,869989_0.jpg
292,891699_3.jpg,734342_3.jpg,891699_2.jpg,1656308_1.jpg,734024_1.jpg,734342_0.jpg,1845508_1.jpg,1396486_0.jpg,269621_2.jpg,2233905_0.jpg,1982544_0.jpg
293,596270_1.jpg,596270_0.jpg,734024_0.jpg,734342_1.jpg,1772322_0.jpg,81006_1.jpg,782863_0.jpg,962607_1.jpg,734342_2.jpg,1248979_0.jpg,1688531_0.jpg
294,1807172_0.jpg,2034696_0.jpg,929359_0.jpg,1199966_2.jpg,192228_0.jpg,1199966_1.jpg,1199966_0.jpg,822775_0.jpg,293130_1.jpg,948863_0.jpg,464681_0.jpg
295,946858_0.jpg,946858_1.jpg,946858_3.jpg,304644_1.jpg,304644_0.jpg,806175_0.jpg,1313329_0.jpg,1285337_0.jpg,81006_3.jpg,883121_0.jpg,1703276_3.jpg
296,891699_1.jpg,1396486_1.jpg,1378500_0.jpg,81006_3.jpg,443627_1.jpg,482126_0.jpg,946858_0.jpg,473558_1.jpg,1186833_1.jpg,186850_0.jpg,1186833_0.jpg
297,821524_2.jpg,821524_1.jpg,821524_0.jpg,1079989_0.jpg,1079989_1.jpg,1079989_2.jpg,1508534_0.jpg,1324412_1.jpg,721865_0.jpg,721865_1.jpg,721865_2.jpg
298,1347582_3.jpg,443627_0.jpg,1204417_3.jpg,891699_1.jpg,443627_2.jpg,482126_0.jpg,1508534_0.jpg,1396486_1.jpg,1992229_3.jpg,1992229_2.jpg,268568_3.jpg
299,734342_3.jpg,734342_0.jpg,734342_1.jpg,1396486_2.jpg,734024_1.jpg,1396486_0.jpg,1703276_3.jpg,1656308_1.jpg,734342_2.jpg,269621_2.jpg,475727_0.jpg
300,1036386_0.jpg,1033540_0.jpg,1697507_0.jpg,727570_0.jpg,1379750_0.jpg,362349_0.jpg,529559_0.jpg,475727_0.jpg,1703276_3.jpg,782863_0.jpg,1323996_0.jpg
301,1396486_1.jpg,891699_1.jpg,1378500_0.jpg,1629568_1.jpg,2132976_0.jpg,609182_0.jpg,443627_1.jpg,869989_0.jpg,473558_1.jpg,1186833_1.jpg,482126_0.jpg
302,400214_0.jpg,174275_0.jpg,659835_0.jpg,1193695_0.jpg,505567_2.jpg,891699_0.jpg,505567_0.jpg,1582158_1.jpg,988975_0.jpg,19751_1.jpg,475727_2.jpg
303,1204417_1.jpg,261540_0.jpg,1204417_0.jpg,1204417_3.jpg,261540_3.jpg,261540_2.jpg,962746_1.jpg,1992229_3.jpg,473558_0.jpg,2233905_0.jpg,473558_1.jpg
304,304644_2.jpg,939619_2.jpg,1367680_0.jpg,1170602_1.jpg,347305_0.jpg,359078_1.jpg,1170602_3.jpg,1095279_1.jpg,1686941_1.jpg,1246621_0.jpg,186850_0.jpg
305,5514_1.jpg,74746_0.jpg,5514_0.jpg,865103_3.jpg,561904_3.jpg,728946_3.jpg,865103_0.jpg,1703276_3.jpg,572424_1.jpg,1982544_0.jpg,2150029_0.jpg
306,5514_0.jpg,1313329_1.jpg,1209465_0.jpg,319507_0.jpg,734024_2.jpg,1428726_3.jpg,2200837_3.jpg,1703276_3.jpg,1334460_0.jpg,1982544_0.jpg,962607_1.jpg
307,1204417_0.jpg,261540_2.jpg,865103_3.jpg,561904_3.jpg,728946_3.jpg,1186833_0.jpg,1982544_1.jpg,269621_0.jpg,1204417_3.jpg,1520546_1.jpg,1520546_2.jpg
308,1396486_0.jpg,734024_1.jpg,734342_3.jpg,1703276_0.jpg,734342_0.jpg,1703276_3.jpg,353002_0.jpg,1703276_1.jpg,838976_1.jpg,1845508_1.jpg,1656308_1.jpg
309,734342_2.jpg,734342_1.jpg,81006_1.jpg,81006_0.jpg,734342_0.jpg,734342_3.jpg,838976_0.jpg,81006_2.jpg,596270_1.jpg,1396486_2.jpg,782863_0.jpg
310,74746_0.jpg,5514_1.jpg,865103_0.jpg,2150029_0.jpg,5514_0.jpg,1285337_0.jpg,1313329_2.jpg,946858_0.jpg,1703276_3.jpg,1313329_1.jpg,474588_0.jpg
311,1347582_2.jpg,1992229_2.jpg,443627_0.jpg,269621_0.jpg,1508534_0.jpg,1347582_1.jpg,1520546_2.jpg,1520546_3.jpg,1723947_0.jpg,1520546_1.jpg,438049_0.jpg
312,821524_2.jpg,821524_1.jpg,821524_0.jpg,1079989_0.jpg,1079989_1.jpg,1079989_2.jpg,1508534_0.jpg,1324412_1.jpg,721865_0.jpg,721865_1.jpg,721865_2.jpg
313,891699_0.jpg,19751_1.jpg,505567_0.jpg,988975_0.jpg,400214_0.jpg,1239688_2.jpg,659835_0.jpg,1193695_0.jpg,505567_2.jpg,1239688_0.jpg,1661793_0.jpg
314,946858_1.jpg,946858_0.jpg,946858_3.jpg,304644_1.jpg,304644_0.jpg,1285337_0.jpg,1313329_0.jpg,806175_0.jpg,883121_0.jpg,2150029_0.jpg,81006_3.jpg
315,865103_3.jpg,561904_3.jpg,728946_3.jpg,5514_1.jpg,1204417_0.jpg,1520546_2.jpg,269621_0.jpg,1982544_0.jpg,269621_3.jpg,261540_2.jpg,865103_2.jpg
316,1428726_1.jpg,2200837_1.jpg,1198492_0.jpg,19751_0.jpg,939619_0.jpg,2188558_1.jpg,443627_2.jpg,819483_1.jpg,961275_3.jpg,1703276_2.jpg,268568_1.jpg
317,1562306_2.jpg,528276_0.jpg,917121_0.jpg,988975_0.jpg,1239688_0.jpg,19751_1.jpg,1239688_2.jpg,1334460_0.jpg,215031_1.jpg,215031_2.jpg,1153842_0.jpg
318,1656308_1.jpg,961275_0.jpg,734342_3.jpg,1703276_3.jpg,1485588_0.jpg,475727_0.jpg,367137_0.jpg,20730_0.jpg,1849020_0.jpg,1719471_0.jpg,782863_0.jpg
319,572424_1.jpg,1703276_3.jpg,572424_0.jpg,463272_0.jpg,1982544_0.jpg,474588_0.jpg,5514_0.jpg,1528196_0.jpg,1684612_1.jpg,1656308_0.jpg,319507_0.jpg
320,1719471_0.jpg,1719471_1.jpg,1849020_0.jpg,1485588_0.jpg,1412285_0.jpg,362349_0.jpg,1944510_0.jpg,107871_0.jpg,928951_0.jpg,1223775_0.jpg,1748210_0.jpg
321,2227616_1.jpg,463272_0.jpg,1528196_0.jpg,107871_1.jpg,1944510_1.jpg,928951_1.jpg,876062_0.jpg,447146_0.jpg,419309_0.jpg,572424_0.jpg,229094_0.jpg
322,260027_0.jpg,1888182_0.jpg,1480873_0.jpg,665464_0.jpg,1469028_0.jpg,1331755_0.jpg,107871_1.jpg,1944510_1.jpg,928951_1.jpg,861491_0.jpg,876062_0.jpg
323,215031_0.jpg,897532_0.jpg,295575_0.jpg,803384_0.jpg,187449_0.jpg,24507_1.jpg,1243979_0.jpg,1838581_0.jpg,1772322_0.jpg,715924_0.jpg,1918058_1.jpg
324,819483_1.jpg,1537812_1.jpg,1562306_0.jpg,420082_1.jpg,1134177_0.jpg,1246621_0.jpg,1833340_0.jpg,819483_0.jpg,525316_0.jpg,353002_0.jpg,19751_0.jpg
325,822775_1.jpg,293130_1.jpg,822775_0.jpg,948863_0.jpg,1396486_1.jpg,609182_0.jpg,192228_0.jpg,293130_3.jpg,822775_3.jpg,293130_2.jpg,822775_2.jpg
326,1684612_3.jpg,891699_2.jpg,443627_0.jpg,19751_0.jpg,577393_0.jpg,1992229_2.jpg,1347582_2.jpg,1678602_0.jpg,1198492_0.jpg,838976_1.jpg,269621_0.jpg
327,1199966_2.jpg,1199966_1.jpg,1199966_0.jpg,328944_0.jpg,328944_1.jpg,709380_0.jpg,464681_0.jpg,460054_0.jpg,2248498_0.jpg,293130_0.jpg,2034696_0.jpg
328,1162481_0.jpg,529559_0.jpg,540983_0.jpg,419309_0.jpg,1822046_0.jpg,1252280_0.jpg,24507_1.jpg,229094_0.jpg,463272_0.jpg,2198258_0.jpg,674913_0.jpg
329,1199966_3.jpg,1024602_0.jpg,1158718_0.jpg,419309_2.jpg,463272_2.jpg,1193695_2.jpg,463272_3.jpg,419309_3.jpg,1193695_3.jpg,1258869_0.jpg,359078_0.jpg
330,876062_0.jpg,447146_0.jpg,107871_1.jpg,1944510_1.jpg,928951_1.jpg,463272_0.jpg,2065721_0.jpg,1528196_0.jpg,1239688_1.jpg,1900174_0.jpg,1900174_2.jpg
331,1684612_2.jpg,1684612_0.jpg,20730_1.jpg,347995_0.jpg,20730_3.jpg,1726783_0.jpg,20730_0.jpg,505567_2.jpg,988975_0.jpg,2224355_0.jpg,19751_1.jpg
332,822775_0.jpg,948863_0.jpg,293130_0.jpg,822775_1.jpg,293130_1.jpg,2248498_0.jpg,1582796_0.jpg,192228_0.jpg,72326_2.jpg,72326_0.jpg,2132976_0.jpg
333,819483_0.jpg,1537812_0.jpg,2094343_0.jpg,90448_0.jpg,1134177_0.jpg,1537812_1.jpg,1246621_0.jpg,819483_1.jpg,420082_0.jpg,525316_0.jpg,1562306_0.jpg
334,215031_1.jpg,215031_2.jpg,1153842_0.jpg,988975_0.jpg,1324412_0.jpg,2220877_0.jpg,1239688_2.jpg,19751_1.jpg,1239688_0.jpg,528276_0.jpg,891699_0.jpg
335,1480873_0.jpg,260027_0.jpg,1888182_0.jpg,1528196_0.jpg,1900174_2.jpg,463272_0.jpg,229094_0.jpg,107871_1.jpg,1944510_1.jpg,928951_1.jpg,674913_0.jpg
336,505567_2.jpg,19751_1.jpg,505567_0.jpg,400214_0.jpg,891699_0.jpg,2224355_0.jpg,505567_1.jpg,988975_0.jpg,659835_0.jpg,1684612_0.jpg,20730_3.jpg
337,971996_0.jpg,1024602_0.jpg,72326_1.jpg,698597_0.jpg,2034696_1.jpg,805537_1.jpg,1582796_0.jpg,1833356_0.jpg,460054_0.jpg,328944_0.jpg,328944_1.jpg
338,2227616_0.jpg,1661793_0.jpg,20730_0.jpg,20730_3.jpg,20730_1.jpg,1239688_0.jpg,347995_0.jpg,988975_0.jpg,2092144_0.jpg,1562306_2.jpg,1239688_2.jpg
339,1719471_1.jpg,1719471_0.jpg,1412285_0.jpg,362349_0.jpg,1849020_0.jpg,1485588_0.jpg,1748210_0.jpg,1223775_0.jpg,1944510_0.jpg,107871_0.jpg,928951_0.jpg
340,572424_0.jpg,1412285_0.jpg,1952801_0.jpg,915410_0.jpg,715924_0.jpg,362349_0.jpg,319507_0.jpg,1485588_0.jpg,1243979_0.jpg,1428726_3.jpg,2200837_3.jpg
341,1656308_0.jpg,856006_0.jpg,1485588_0.jpg,1952801_0.jpg,1528196_0.jpg,572424_0.jpg,419309_0.jpg,572424_1.jpg,1162481_0.jpg,915410_0.jpg,24507_1.jpg
342,2248498_0.jpg,709380_0.jpg,698597_0.jpg,72326_0.jpg,1833356_0.jpg,464681_0.jpg,2034696_1.jpg,805537_1.jpg,328944_0.jpg,328944_1.jpg,1582796_0.jpg
343,1562306_3.jpg,1170602_3.jpg,1170602_1.jpg,90448_0.jpg,1822514_0.jpg,304644_2.jpg,939619_2.jpg,359078_1.jpg,268568_1.jpg,961275_3.jpg,929359_0.jpg
344,1428726_0.jpg,2200837_0.jpg,1428726_2.jpg,2200837_2.jpg,2188558_0.jpg,926526_0.jpg,1560000_1.jpg,2092691_1.jpg,113836_0.jpg,287368_0.jpg,1347582_0.jpg
345,865103_2.jpg,561904_2.jpg,728946_2.jpg,1703276_0.jpg,1703276_1.jpg,269621_3.jpg,438049_1.jpg,865103_3.jpg,561904_3.jpg,728946_3.jpg,269621_1.jpg
346,561904_0.jpg,236641_0.jpg,1299252_0.jpg,1507382_0.jpg,806458_0.jpg,1123046_0.jpg,1845508_0.jpg,1025295_0.jpg,1992229_1.jpg,1159293_0.jpg,1396486_2.jpg
347,1428726_2.jpg,2200837_2.jpg,1428726_0.jpg,2200837_0.jpg,2188558_0.jpg,926526_0.jpg,1560000_1.jpg,2092691_1.jpg,113836_0.jpg,287368_0.jpg,1347582_0.jpg
348,1562306_1.jpg,1849020_0.jpg,1239688_1.jpg,353002_0.jpg,1719471_0.jpg,1485588_0.jpg,1719471_1.jpg,1562306_0.jpg,1246621_0.jpg,1833340_2.jpg,1833340_1.jpg
349,1656308_2.jpg,856006_2.jpg,1977393_0.jpg,1469028_1.jpg,1944510_0.jpg,107871_0.jpg,928951_0.jpg,625620_0.jpg,1367680_0.jpg,865103_1.jpg,561904_1.jpg
350,572424_2.jpg,5514_1.jpg,1656308_0.jpg,674913_0.jpg,1822046_0.jpg,229094_0.jpg,728946_0.jpg,74746_0.jpg,1162481_0.jpg,540983_0.jpg,5514_0.jpg
351,1299252_0.jpg,1507382_0.jpg,236641_0.jpg,561904_0.jpg,806458_0.jpg,1396486_2.jpg,1025295_0.jpg,1123046_0.jpg,1982544_0.jpg,367137_0.jpg,269621_2.jpg
352,192228_0.jpg,948863_0.jpg,609182_0.jpg,293130_1.jpg,822775_1.jpg,1686941_1.jpg,822775_0.jpg,1582796_0.jpg,293130_0.jpg,2248498_0.jpg,464681_0.jpg
353,609182_1.jpg,24507_0.jpg,287368_0.jpg,782863_0.jpg,1560000_1.jpg,2092691_1.jpg,1656308_0.jpg,1485588_0.jpg,2188558_0.jpg,1428726_0.jpg,2200837_0.jpg
354,505567_0.jpg,505567_1.jpg,19751_1.jpg,505567_2.jpg,891699_0.jpg,1193695_0.jpg,400214_0.jpg,1153842_0.jpg,988975_0.jpg,505182_0.jpg,174275_0.jpg
355,293130_2.jpg,822775_2.jpg,293130_1.jpg,822775_1.jpg,1629568_0.jpg,1158718_1.jpg,43354_2.jpg,1396486_1.jpg,1629568_2.jpg,107871_1.jpg,1944510_1.jpg
356,1661793_0.jpg,1239688_0.jpg,1239688_2.jpg,988975_0.jpg,891699_0.jpg,1193695_0.jpg,659835_0.jpg,400214_0.jpg,20730_3.jpg,528276_0.jpg,19751_1.jpg
357,1684612_0.jpg,891699_0.jpg,659835_0.jpg,505567_2.jpg,1239688_2.jpg,20730_3.jpg,988975_0.jpg,400214_0.jpg,1684612_2.jpg,2224355_0.jpg,19751_1.jpg
358,883121_0.jpg,7242_1.jpg,1313329_0.jpg,946858_0.jpg,946858_1.jpg,1313329_3.jpg,1313329_2.jpg,474588_0.jpg,1324412_1.jpg,1723947_0.jpg,81006_3.jpg
359,1123046_0.jpg,1159293_0.jpg,1025295_0.jpg,806458_0.jpg,1507382_0.jpg,1299252_0.jpg,1982544_0.jpg,236641_0.jpg,1396486_2.jpg,269621_2.jpg,561904_0.jpg
360,1199966_1.jpg,1199966_2.jpg,1199966_0.jpg,328944_0.jpg,328944_1.jpg,709380_0.jpg,464681_0.jpg,460054_0.jpg,2248498_0.jpg,2034696_0.jpg,1833356_0.jpg
361,1199966_0.jpg,1199966_1.jpg,1199966_2.jpg,709380_0.jpg,328944_0.jpg,328944_1.jpg,464681_0.jpg,460054_0.jpg,2248498_0.jpg,2034696_0.jpg,1833356_0.jpg
362,1833356_0.jpg,2034696_1.jpg,805537_1.jpg,72326_0.jpg,698597_0.jpg,2248498_0.jpg,464681_0.jpg,1582796_0.jpg,328944_0.jpg,328944_1.jpg,971996_0.jpg
363,1684612_1.jpg,1703276_3.jpg,806175_0.jpg,782863_0.jpg,475727_0.jpg,572424_1.jpg,961275_1.jpg,1313329_0.jpg,1697507_0.jpg,2132976_0.jpg,81006_1.jpg
364,822775_3.jpg,293130_3.jpg,822775_1.jpg,891699_1.jpg,1324412_1.jpg,1469028_0.jpg,419309_1.jpg,463272_1.jpg,1193695_1.jpg,1158718_1.jpg,43354_2.jpg
365,505567_1.jpg,505567_0.jpg,475727_3.jpg,19751_1.jpg,505567_2.jpg,475727_2.jpg,475727_1.jpg,400214_0.jpg,891699_0.jpg,174275_0.jpg,1193695_0.jpg
366,215031_1.jpg,215031_2.jpg,1153842_0.jpg,988975_0.jpg,1324412_0.jpg,2220877_0.jpg,1239688_2.jpg,19751_1.jpg,1239688_0.jpg,528276_0.jpg,891699_0.jpg
367,609182_0.jpg,2132976_0.jpg,1396486_1.jpg,1582796_0.jpg,948863_0.jpg,59726_0.jpg,192228_0.jpg,961275_1.jpg,1684612_1.jpg,891699_1.jpg,1378500_0.jpg
368,1378500_0.jpg,1396486_1.jpg,2132976_0.jpg,891699_1.jpg,353002_0.jpg,24507_0.jpg,961275_0.jpg,1485588_0.jpg,473558_1.jpg,1186833_1.jpg,443627_1.jpg
369,1562306_0.jpg,819483_1.jpg,1537812_1.jpg,1562306_1.jpg,1246621_0.jpg,525316_0.jpg,1833340_2.jpg,1849020_0.jpg,1833340_0.jpg,1134177_0.jpg,19751_0.jpg
370,1428726_3.jpg,2200837_3.jpg,319507_0.jpg,20730_3.jpg,715924_0.jpg,1562306_2.jpg,2227616_0.jpg,1209465_0.jpg,20730_0.jpg,347995_0.jpg,1243979_0.jpg
371,1772322_0.jpg,187449_0.jpg,1838581_0.jpg,215031_0.jpg,596270_0.jpg,24507_2.jpg,295575_0.jpg,24507_1.jpg,734024_0.jpg,803384_0.jpg,897532_0.jpg
372,865103_1.jpg,561904_1.jpg,728946_1.jpg,245397_0.jpg,375713_0.jpg,375713_1.jpg,1982544_3.jpg,1469028_1.jpg,2092144_0.jpg,715924_0.jpg,625620_0.jpg
373,1485588_0.jpg,625620_0.jpg,1719471_0.jpg,1719471_1.jpg,961275_0.jpg,1347582_0.jpg,715924_0.jpg,24507_0.jpg,1223775_0.jpg,572424_0.jpg,1944510_0.jpg
374,1469028_1.jpg,419309_2.jpg,463272_2.jpg,1193695_2.jpg,1982544_3.jpg,463272_3.jpg,419309_3.jpg,1193695_3.jpg,295575_0.jpg,1977393_0.jpg,245397_0.jpg
375,865103_1.jpg,561904_1.jpg,728946_1.jpg,245397_0.jpg,375713_0.jpg,375713_1.jpg,1982544_3.jpg,1469028_1.jpg,2092144_0.jpg,715924_0.jpg,625620_0.jpg
376,1258869_0.jpg,20730_2.jpg,212424_0.jpg,1199966_3.jpg,1024602_0.jpg,1158718_0.jpg,43354_1.jpg,113836_0.jpg,419309_2.jpg,463272_2.jpg,1193695_2.jpg
377,269621_1.jpg,269621_3.jpg,1520546_1.jpg,269621_0.jpg,1992229_3.jpg,438049_1.jpg,1520546_3.jpg,438049_0.jpg,865103_2.jpg,561904_2.jpg,728946_2.jpg
378,1034992_0.jpg,1034992_1.jpg,1034992_2.jpg,782863_0.jpg,2198258_0.jpg,245397_0.jpg,20730_0.jpg,715924_0.jpg,7242_0.jpg,347995_0.jpg,1982544_3.jpg
379,438049_0.jpg,438049_1.jpg,1992229_3.jpg,268568_3.jpg,1204417_3.jpg,443627_0.jpg,1520546_1.jpg,962746_0.jpg,269621_1.jpg,1992229_0.jpg,269621_3.jpg
380,1285337_0.jpg,2150029_0.jpg,946858_1.jpg,946858_0.jpg,1313329_2.jpg,946858_3.jpg,74746_0.jpg,304644_1.jpg,304644_0.jpg,1148936_0.jpg,577393_0.jpg
381,1313329_1.jpg,5514_0.jpg,1209465_0.jpg,474588_0.jpg,1428726_3.jpg,2200837_3.jpg,734024_2.jpg,319507_0.jpg,367137_0.jpg,1562306_2.jpg,1334460_0.jpg
382,187449_0.jpg,1838581_0.jpg,24507_2.jpg,295575_0.jpg,24507_1.jpg,1772322_0.jpg,897532_0.jpg,1918058_1.jpg,215031_0.jpg,1243979_0.jpg,1918058_2.jpg
383,1024602_0.jpg,1158718_0.jpg,971996_0.jpg,72326_1.jpg,43354_1.jpg,212424_0.jpg,1199966_3.jpg,359078_0.jpg,1258869_0.jpg,328944_0.jpg,328944_1.jpg
384,1313329_0.jpg,7242_1.jpg,806175_0.jpg,946858_0.jpg,7242_0.jpg,946858_1.jpg,883121_0.jpg,1684612_1.jpg,1703276_3.jpg,1313329_3.jpg,1982544_2.jpg
385,287368_2.jpg,926526_1.jpg,838976_2.jpg,734024_1.jpg,1396486_0.jpg,1703276_0.jpg,1678602_0.jpg,838976_1.jpg,734024_3.jpg,1629568_1.jpg,939619_0.jpg
386,438049_1.jpg,438049_0.jpg,962746_0.jpg,269621_1.jpg,865103_2.jpg,561904_2.jpg,728946_2.jpg,268568_3.jpg,1992229_3.jpg,269621_3.jpg,1520546_0.jpg
387,1033540_0.jpg,1036386_0.jpg,1223775_0.jpg,1748210_0.jpg,1944510_0.jpg,107871_0.jpg,928951_0.jpg,475727_0.jpg,362349_0.jpg,1697507_0.jpg,1367680_0.jpg
388,1034992_1.jpg,1034992_0.jpg,1034992_2.jpg,245397_0.jpg,2198258_0.jpg,20730_0.jpg,782863_0.jpg,715924_0.jpg,347995_0.jpg,1982544_3.jpg,20730_2.jpg
389,269621_0.jpg,269621_3.jpg,1520546_3.jpg,1520546_2.jpg,1520546_1.jpg,1508534_0.jpg,269621_1.jpg,269621_2.jpg,1204417_0.jpg,1982544_1.jpg,865103_3.jpg
390,782863_0.jpg,962607_1.jpg,1248979_0.jpg,20730_2.jpg,20730_0.jpg,354301_0.jpg,475727_0.jpg,734024_0.jpg,1688531_0.jpg,319507_0.jpg,1034992_0.jpg
391,728946_0.jpg,1822046_0.jpg,540983_0.jpg,727570_0.jpg,529559_0.jpg,419309_0.jpg,1252280_0.jpg,1162481_0.jpg,674913_0.jpg,1036386_0.jpg,1952801_0.jpg
392,1469028_0.jpg,419309_1.jpg,463272_1.jpg,1193695_1.jpg,1331755_0.jpg,2065721_0.jpg,540983_0.jpg,876062_0.jpg,447146_0.jpg,107871_1.jpg,1944510_1.jpg
393,221248_0.jpg,730312_0.jpg,375713_0.jpg,1412285_0.jpg,1719471_1.jpg,572424_0.jpg,1719471_0.jpg,715924_0.jpg,245397_0.jpg,832420_0.jpg,362349_0.jpg
394,1186833_0.jpg,473558_1.jpg,1186833_1.jpg,482126_0.jpg,1982544_1.jpg,443627_1.jpg,1204417_0.jpg,1703276_3.jpg,1079989_0.jpg,1079989_1.jpg,1079989_2.jpg
395,865103_2.jpg,561904_2.jpg,728946_2.jpg,1703276_0.jpg,1703276_1.jpg,269621_3.jpg,438049_1.jpg,865103_3.jpg,561904_3.jpg,728946_3.jpg,269621_1.jpg
396,375713_1.jpg,347995_0.jpg,245397_0.jpg,2092144_0.jpg,20730_0.jpg,1239688_0.jpg,20730_1.jpg,1239688_2.jpg,1684612_0.jpg,1982544_3.jpg,1684612_2.jpg
397,107871_1.jpg,1944510_1.jpg,928951_1.jpg,876062_0.jpg,447146_0.jpg,1239688_1.jpg,463272_0.jpg,2065721_0.jpg,1528196_0.jpg,1849020_0.jpg,1485588_0.jpg
398,269621_2.jpg,1396486_2.jpg,1982544_0.jpg,1025295_0.jpg,734342_3.jpg,1703276_3.jpg,806458_0.jpg,269621_0.jpg,1520546_2.jpg,474588_0.jpg,81006_2.jpg
399,1324412_1.jpg,1684612_1.jpg,946858_0.jpg,946858_1.jpg,572424_1.jpg,107871_1.jpg,1944510_1.jpg,928951_1.jpg,891699_1.jpg,463272_0.jpg,419309_1.jpg
400,1157890_0.jpg,1833340_0.jpg,1562306_0.jpg,1833340_2.jpg,819483_0.jpg,1246621_0.jpg,730312_0.jpg,1562306_1.jpg,1537812_0.jpg,1134177_0.jpg,2094343_0.jpg
401,1313329_2.jpg,2150029_0.jpg,1285337_0.jpg,1313329_3.jpg,1313329_0.jpg,883121_0.jpg,946858_0.jpg,865103_0.jpg,946858_1.jpg,74746_0.jpg,5514_1.jpg
402,347305_0.jpg,1170602_0.jpg,1918058_1.jpg,1170602_3.jpg,1367680_0.jpg,1838581_0.jpg,295575_0.jpg,1170602_1.jpg,1223775_0.jpg,1095279_1.jpg,187449_0.jpg
403,287368_0.jpg,287368_1.jpg,1560000_1.jpg,2092691_1.jpg,926526_0.jpg,609182_1.jpg,1428726_0.jpg,2200837_0.jpg,1428726_2.jpg,2200837_2.jpg,2188558_0.jpg
404,287368_1.jpg,20730_1.jpg,20730_0.jpg,1248979_0.jpg,734024_2.jpg,1684612_2.jpg,2227616_0.jpg,113836_0.jpg,20730_3.jpg,1918058_3.jpg,354301_0.jpg
405,1313329_3.jpg,7242_1.jpg,1982544_1.jpg,1313329_0.jpg,883121_0.jpg,1313329_2.jpg,268568_3.jpg,81006_3.jpg,946858_0.jpg,7242_0.jpg,5514_1.jpg
406,1034992_2.jpg,1034992_1.jpg,1034992_0.jpg,20730_0.jpg,347995_0.jpg,20730_2.jpg,2198258_0.jpg,20730_1.jpg,20730_3.jpg,1239688_0.jpg,2092144_0.jpg
407,1324412_0.jpg,988975_0.jpg,1239688_2.jpg,1239688_0.jpg,215031_1.jpg,215031_2.jpg,528276_0.jpg,505182_0.jpg,891699_0.jpg,1193695_0.jpg,1153842_0.jpg
408,1465250_0.jpg,163459_0.jpg,883121_0.jpg,1079989_0.jpg,1079989_1.jpg,1079989_2.jpg,1520546_0.jpg,7242_1.jpg,721865_0.jpg,721865_1.jpg,721865_2.jpg
409,269621_3.jpg,269621_0.jpg,1520546_1.jpg,1520546_3.jpg,269621_1.jpg,1982544_1.jpg,1520546_2.jpg,1508534_0.jpg,865103_2.jpg,561904_2.jpg,728946_2.jpg
410,625620_0.jpg,1485588_0.jpg,1977393_0.jpg,961275_0.jpg,24507_0.jpg,1944510_0.jpg,107871_0.jpg,928951_0.jpg,2101215_0.jpg,354301_0.jpg,1719471_0.jpg
411,1944510_0.jpg,107871_0.jpg,928951_0.jpg,1977393_0.jpg,362349_0.jpg,1719471_0.jpg,1748210_0.jpg,1719471_1.jpg,1367680_0.jpg,24507_0.jpg,625620_0.jpg
412,865103_3.jpg,561904_3.jpg,728946_3.jpg,5514_1.jpg,1204417_0.jpg,1520546_2.jpg,269621_0.jpg,1982544_0.jpg,269621_3.jpg,261540_2.jpg,865103_2.jpg
413,375713_0.jpg,245397_0.jpg,865103_1.jpg,561904_1.jpg,728946_1.jpg,715924_0.jpg,2092144_0.jpg,375713_1.jpg,1243979_0.jpg,897532_0.jpg,347995_0.jpg
414,1508534_0.jpg,269621_0.jpg,1520546_1.jpg,1520546_2.jpg,269621_3.jpg,1079989_0.jpg,1079989_1.jpg,1079989_2.jpg,1520546_3.jpg,891699_1.jpg,482126_0.jpg
415,473558_1.jpg,1186833_1.jpg,1186833_0.jpg,482126_0.jpg,443627_1.jpg,891699_1.jpg,1396486_1.jpg,473558_0.jpg,1378500_0.jpg,1697507_0.jpg,59726_0.jpg
416,1528196_0.jpg,463272_0.jpg,229094_0.jpg,572424_0.jpg,1485588_0.jpg,674913_0.jpg,876062_0.jpg,447146_0.jpg,1822046_0.jpg,1656308_0.jpg,572424_1.jpg
