,0,1,2,3,4,5,6,7,8,9
0,1024602_0.jpg,328944_0.jpg,328944_1.jpg,971996_0.jpg,464681_0.jpg,1833356_0.jpg,359078_0.jpg,460054_0.jpg,1158718_0.jpg,1258869_0.jpg
1,1025295_0.jpg,806458_0.jpg,1723947_0.jpg,1528196_0.jpg,236641_0.jpg,635622_0.jpg,1123046_0.jpg,1252280_0.jpg,1167245_0.jpg,1507382_0.jpg
2,1033540_0.jpg,1148936_0.jpg,229094_0.jpg,861491_0.jpg,1252280_0.jpg,1162481_0.jpg,1412285_0.jpg,674913_0.jpg,917121_0.jpg,2150029_0.jpg
3,1034992_0.jpg,1034992_1.jpg,1034992_2.jpg,2101215_0.jpg,1465250_0.jpg,7242_0.jpg,1323996_0.jpg,1629568_3.jpg,1537812_1.jpg,819483_1.jpg
4,1034992_1.jpg,1034992_0.jpg,1034992_2.jpg,2101215_0.jpg,1465250_0.jpg,7242_0.jpg,819483_1.jpg,1629568_3.jpg,1537812_1.jpg,1323996_0.jpg
5,1034992_2.jpg,1034992_1.jpg,1034992_0.jpg,1465250_0.jpg,7242_0.jpg,2101215_0.jpg,1323996_0.jpg,2198258_0.jpg,1977393_0.jpg,261540_1.jpg
6,1036386_0.jpg,1299252_0.jpg,1507382_0.jpg,861491_0.jpg,529559_0.jpg,1661793_0.jpg,74746_0.jpg,1193695_1.jpg,419309_1.jpg,463272_1.jpg
7,1944510_0.jpg,928951_0.jpg,107871_0.jpg,362349_0.jpg,347995_0.jpg,304644_1.jpg,1719471_0.jpg,928951_1.jpg,107871_1.jpg,1944510_1.jpg
8,928951_1.jpg,1944510_1.jpg,107871_1.jpg,347995_0.jpg,107871_0.jpg,928951_0.jpg,1944510_0.jpg,1239688_1.jpg,362349_0.jpg,1239688_0.jpg
9,1079989_2.jpg,1079989_1.jpg,1079989_0.jpg,821524_2.jpg,821524_1.jpg,821524_0.jpg,721865_2.jpg,721865_1.jpg,721865_0.jpg,1520546_2.jpg
10,1079989_2.jpg,1079989_1.jpg,1079989_0.jpg,821524_2.jpg,821524_1.jpg,821524_0.jpg,721865_2.jpg,721865_1.jpg,721865_0.jpg,1520546_2.jpg
11,1079989_2.jpg,1079989_1.jpg,1079989_0.jpg,821524_2.jpg,821524_1.jpg,821524_0.jpg,721865_2.jpg,721865_1.jpg,721865_0.jpg,1520546_2.jpg
12,1095279_0.jpg,1095279_1.jpg,625620_0.jpg,1560000_2.jpg,2092691_0.jpg,1248979_0.jpg,2092691_1.jpg,1560000_1.jpg,2092691_2.jpg,1560000_0.jpg
13,1095279_1.jpg,2198258_0.jpg,1469028_1.jpg,1684612_1.jpg,929359_0.jpg,20730_2.jpg,475727_2.jpg,1719471_0.jpg,529559_0.jpg,347995_0.jpg
14,1108752_0.jpg,1520546_2.jpg,1520546_3.jpg,1079989_2.jpg,1079989_0.jpg,1079989_1.jpg,163459_0.jpg,1520546_1.jpg,1629568_3.jpg,869989_0.jpg
15,1123046_0.jpg,1159293_0.jpg,1480873_0.jpg,260027_0.jpg,236641_0.jpg,806458_0.jpg,1148936_0.jpg,1167245_0.jpg,665464_0.jpg,1403303_0.jpg
16,1134177_0.jpg,525316_0.jpg,803384_0.jpg,1537812_1.jpg,819483_0.jpg,819483_1.jpg,420082_0.jpg,1537812_0.jpg,2094343_0.jpg,832420_0.jpg
17,113836_0.jpg,400214_0.jpg,988975_0.jpg,1162481_0.jpg,659835_0.jpg,174275_0.jpg,1661793_0.jpg,1324412_0.jpg,1719471_0.jpg,1148936_0.jpg
18,1148936_0.jpg,2150029_0.jpg,229094_0.jpg,674913_0.jpg,1252280_0.jpg,1811950_0.jpg,861491_0.jpg,1412285_0.jpg,1162481_0.jpg,74746_0.jpg
19,1153842_0.jpg,891699_0.jpg,1170602_2.jpg,838976_0.jpg,81006_3.jpg,1170602_1.jpg,1845508_0.jpg,81006_0.jpg,1170602_0.jpg,734342_3.jpg
20,1157890_0.jpg,635622_0.jpg,1521081_0.jpg,221248_0.jpg,367137_0.jpg,72326_1.jpg,1199966_3.jpg,212424_0.jpg,43354_1.jpg,730312_0.jpg
21,1158718_0.jpg,359078_0.jpg,43354_0.jpg,971996_0.jpg,328944_0.jpg,328944_1.jpg,1024602_0.jpg,460054_0.jpg,43354_1.jpg,1833356_0.jpg
22,1158718_1.jpg,43354_2.jpg,19751_2.jpg,359078_1.jpg,1889076_0.jpg,1465250_0.jpg,577393_0.jpg,1323996_0.jpg,856006_0.jpg,1656308_2.jpg
23,1159293_0.jpg,260027_0.jpg,1123046_0.jpg,18259_0.jpg,1480873_0.jpg,665464_0.jpg,1888182_0.jpg,861491_0.jpg,1403303_0.jpg,1833356_0.jpg
24,1162481_0.jpg,540983_0.jpg,1252280_0.jpg,674913_0.jpg,1324412_0.jpg,988975_0.jpg,861491_0.jpg,1148936_0.jpg,1412285_0.jpg,529559_0.jpg
25,1167245_0.jpg,1252280_0.jpg,1822046_0.jpg,917121_0.jpg,1162481_0.jpg,1036386_0.jpg,475727_2.jpg,236641_0.jpg,475727_1.jpg,806458_0.jpg
26,1170602_0.jpg,81006_1.jpg,1918058_1.jpg,838976_0.jpg,1845508_0.jpg,1170602_1.jpg,81006_0.jpg,1170602_2.jpg,1918058_3.jpg,838976_2.jpg
27,1170602_1.jpg,81006_0.jpg,1833340_0.jpg,1833340_1.jpg,1833340_2.jpg,1918058_1.jpg,838976_0.jpg,2233905_0.jpg,1845508_0.jpg,1170602_0.jpg
28,1170602_2.jpg,891699_0.jpg,1833340_2.jpg,1833340_1.jpg,1833340_0.jpg,2233905_0.jpg,734342_0.jpg,1918058_1.jpg,1170602_1.jpg,1170602_0.jpg
29,1170602_3.jpg,81006_2.jpg,1772322_0.jpg,1726783_0.jpg,734024_0.jpg,1838581_0.jpg,2224355_0.jpg,962607_3.jpg,962607_0.jpg,1849020_0.jpg
30,1186833_0.jpg,473558_0.jpg,268568_3.jpg,215031_0.jpg,5514_1.jpg,5514_0.jpg,782863_0.jpg,1079989_2.jpg,1079989_0.jpg,1079989_1.jpg
31,1186833_1.jpg,473558_1.jpg,261540_0.jpg,1186833_0.jpg,473558_0.jpg,1992229_2.jpg,24507_0.jpg,1992229_0.jpg,268568_3.jpg,447146_0.jpg
32,1193695_0.jpg,419309_0.jpg,1239688_0.jpg,1661793_0.jpg,1239688_2.jpg,319507_0.jpg,1299252_0.jpg,463272_1.jpg,419309_1.jpg,1193695_1.jpg
33,463272_1.jpg,419309_1.jpg,1193695_1.jpg,674913_0.jpg,861491_0.jpg,1331755_0.jpg,1811950_0.jpg,1412285_0.jpg,1252280_0.jpg,529559_0.jpg
34,419309_2.jpg,1193695_2.jpg,463272_2.jpg,419309_3.jpg,463272_3.jpg,1193695_3.jpg,1469028_1.jpg,856006_2.jpg,730312_0.jpg,1656308_2.jpg
35,419309_3.jpg,1193695_3.jpg,463272_3.jpg,1193695_2.jpg,419309_2.jpg,463272_2.jpg,856006_2.jpg,1469028_1.jpg,1656308_2.jpg,728946_1.jpg
36,1198492_0.jpg,1684612_3.jpg,287368_1.jpg,988975_0.jpg,1324412_0.jpg,1428726_3.jpg,2200837_3.jpg,400214_0.jpg,319507_0.jpg,2220877_0.jpg
37,1199966_0.jpg,1199966_1.jpg,1199966_2.jpg,1833356_0.jpg,72326_0.jpg,460054_0.jpg,709380_0.jpg,464681_0.jpg,359078_0.jpg,1807172_0.jpg
38,1199966_1.jpg,1199966_2.jpg,1199966_0.jpg,72326_0.jpg,1833356_0.jpg,460054_0.jpg,709380_0.jpg,359078_0.jpg,464681_0.jpg,1807172_0.jpg
39,1199966_2.jpg,1199966_1.jpg,1199966_0.jpg,72326_0.jpg,1833356_0.jpg,709380_0.jpg,359078_0.jpg,460054_0.jpg,1807172_0.jpg,464681_0.jpg
40,1199966_3.jpg,72326_1.jpg,43354_1.jpg,221248_0.jpg,328944_1.jpg,328944_0.jpg,971996_0.jpg,212424_0.jpg,359078_0.jpg,1521081_0.jpg
41,1204417_0.jpg,561904_0.jpg,261540_1.jpg,1204417_1.jpg,865103_0.jpg,261540_3.jpg,728946_0.jpg,5514_1.jpg,261540_2.jpg,728946_3.jpg
42,1204417_1.jpg,1204417_0.jpg,5514_2.jpg,561904_0.jpg,865103_0.jpg,5514_1.jpg,261540_1.jpg,728946_0.jpg,261540_3.jpg,443627_0.jpg
43,1204417_2.jpg,1845508_0.jpg,838976_0.jpg,268568_0.jpg,261540_1.jpg,1323996_0.jpg,5514_2.jpg,1845508_2.jpg,865103_0.jpg,1313329_2.jpg
44,1204417_3.jpg,261540_3.jpg,1204417_0.jpg,261540_1.jpg,728946_2.jpg,865103_2.jpg,561904_2.jpg,261540_2.jpg,1396486_2.jpg,1347582_1.jpg
45,1209465_0.jpg,1167245_0.jpg,1252280_0.jpg,529559_0.jpg,806458_0.jpg,2198258_0.jpg,915410_0.jpg,236641_0.jpg,1313329_0.jpg,1162481_0.jpg
46,1223775_0.jpg,529559_0.jpg,1661793_0.jpg,174275_0.jpg,659835_0.jpg,1036386_0.jpg,319507_0.jpg,463272_1.jpg,419309_1.jpg,1193695_1.jpg
47,1239688_0.jpg,1239688_2.jpg,347995_0.jpg,2220877_0.jpg,988975_0.jpg,1719471_1.jpg,1719471_0.jpg,319507_0.jpg,1412285_0.jpg,362349_0.jpg
48,1239688_1.jpg,107871_1.jpg,1944510_1.jpg,928951_1.jpg,107871_0.jpg,1944510_0.jpg,928951_0.jpg,1849020_0.jpg,1324412_1.jpg,1521081_0.jpg
49,1239688_2.jpg,1239688_0.jpg,2220877_0.jpg,347995_0.jpg,988975_0.jpg,1719471_0.jpg,319507_0.jpg,1719471_1.jpg,1412285_0.jpg,1324412_0.jpg
50,1243979_0.jpg,2220877_0.jpg,1239688_2.jpg,528276_0.jpg,215031_1.jpg,215031_2.jpg,1239688_0.jpg,1324412_0.jpg,891699_0.jpg,113836_0.jpg
51,1246621_0.jpg,803384_0.jpg,525316_0.jpg,819483_0.jpg,1833340_1.jpg,375713_0.jpg,1537812_0.jpg,1833340_2.jpg,1833340_0.jpg,1170602_1.jpg
52,1248979_0.jpg,354301_0.jpg,1347582_0.jpg,420082_0.jpg,2094343_0.jpg,187449_0.jpg,5514_1.jpg,1537812_0.jpg,5514_0.jpg,20730_3.jpg
53,1252280_0.jpg,74746_0.jpg,988975_0.jpg,229094_0.jpg,236641_0.jpg,674913_0.jpg,1822046_0.jpg,1162481_0.jpg,419309_0.jpg,1167245_0.jpg
54,1258869_0.jpg,971996_0.jpg,2248498_0.jpg,698597_0.jpg,1024602_0.jpg,359078_0.jpg,328944_1.jpg,328944_0.jpg,1158718_0.jpg,460054_0.jpg
55,1285337_0.jpg,1331755_0.jpg,2150029_0.jpg,674913_0.jpg,1834410_0.jpg,1811950_0.jpg,229094_0.jpg,304644_0.jpg,74746_0.jpg,861491_0.jpg
56,1299252_0.jpg,1507382_0.jpg,1036386_0.jpg,1661793_0.jpg,236641_0.jpg,419309_0.jpg,74746_0.jpg,1252280_0.jpg,529559_0.jpg,861491_0.jpg
57,1313329_0.jpg,1697507_0.jpg,806175_0.jpg,946858_0.jpg,1367680_0.jpg,328944_1.jpg,328944_0.jpg,946858_1.jpg,347995_0.jpg,362349_0.jpg
58,1313329_1.jpg,1507382_0.jpg,1299252_0.jpg,236641_0.jpg,1252280_0.jpg,475727_2.jpg,475727_3.jpg,1167245_0.jpg,419309_0.jpg,1334460_0.jpg
59,1313329_2.jpg,596270_1.jpg,674913_0.jpg,727570_0.jpg,236641_0.jpg,475727_2.jpg,1162481_0.jpg,268568_0.jpg,528276_0.jpg,1313329_3.jpg
60,1313329_3.jpg,1313329_0.jpg,596270_1.jpg,1162481_0.jpg,229094_0.jpg,917121_0.jpg,347995_0.jpg,174275_0.jpg,1834410_0.jpg,1331755_0.jpg
61,1323996_0.jpg,1465250_0.jpg,19751_2.jpg,1520546_3.jpg,375713_1.jpg,1379750_0.jpg,359078_1.jpg,1845508_0.jpg,1992229_1.jpg,1248979_0.jpg
62,1324412_0.jpg,988975_0.jpg,2220877_0.jpg,505182_0.jpg,1162481_0.jpg,1239688_2.jpg,1239688_0.jpg,319507_0.jpg,400214_0.jpg,1412285_0.jpg
63,1324412_1.jpg,463272_0.jpg,876062_0.jpg,447146_0.jpg,1900174_0.jpg,1703276_3.jpg,1239688_1.jpg,1209465_0.jpg,107871_1.jpg,1944510_1.jpg
64,1331755_0.jpg,1285337_0.jpg,674913_0.jpg,2150029_0.jpg,861491_0.jpg,1834410_0.jpg,229094_0.jpg,1811950_0.jpg,463272_1.jpg,419309_1.jpg
65,1334460_0.jpg,1313329_1.jpg,529559_0.jpg,1167245_0.jpg,1252280_0.jpg,1520546_3.jpg,419309_0.jpg,1299252_0.jpg,74746_0.jpg,475727_2.jpg
66,1347582_0.jpg,865103_0.jpg,354301_0.jpg,728946_0.jpg,1248979_0.jpg,1656308_0.jpg,1537812_0.jpg,420082_0.jpg,2094343_0.jpg,561904_0.jpg
67,1347582_1.jpg,1347582_2.jpg,5514_0.jpg,1347582_3.jpg,728946_3.jpg,865103_3.jpg,561904_3.jpg,268568_3.jpg,865103_0.jpg,1656308_0.jpg
68,1347582_2.jpg,1347582_1.jpg,268568_3.jpg,215031_2.jpg,215031_1.jpg,5514_0.jpg,261540_1.jpg,865103_3.jpg,728946_3.jpg,561904_3.jpg
69,1347582_3.jpg,1656308_0.jpg,1347582_1.jpg,261540_3.jpg,443627_1.jpg,420082_0.jpg,268568_2.jpg,962607_2.jpg,561904_0.jpg,856006_0.jpg
70,1367680_0.jpg,1313329_0.jpg,1697507_0.jpg,806175_0.jpg,946858_0.jpg,946858_1.jpg,1719471_0.jpg,1719471_1.jpg,347995_0.jpg,1412285_0.jpg
71,1378500_0.jpg,1537812_0.jpg,2094343_0.jpg,1347582_0.jpg,1537812_1.jpg,420082_0.jpg,1134177_0.jpg,420082_1.jpg,354301_0.jpg,819483_0.jpg
72,1379750_0.jpg,187449_0.jpg,475727_3.jpg,475727_1.jpg,1323996_0.jpg,475727_2.jpg,1167245_0.jpg,295575_0.jpg,1982544_2.jpg,1684612_0.jpg
73,1396486_0.jpg,734024_1.jpg,1396486_3.jpg,1703276_0.jpg,1703276_1.jpg,1703276_3.jpg,463272_0.jpg,81006_2.jpg,1726783_0.jpg,734024_0.jpg
74,1396486_1.jpg,482126_0.jpg,443627_1.jpg,215031_0.jpg,20730_3.jpg,1900174_0.jpg,261540_3.jpg,1684612_1.jpg,734024_1.jpg,1686941_1.jpg
75,1396486_2.jpg,236641_0.jpg,475727_3.jpg,475727_1.jpg,1209465_0.jpg,806458_0.jpg,475727_2.jpg,1982544_2.jpg,1313329_1.jpg,1167245_0.jpg
76,1396486_3.jpg,1396486_0.jpg,734024_1.jpg,962607_2.jpg,1726783_0.jpg,81006_2.jpg,1170602_3.jpg,463272_0.jpg,1703276_1.jpg,1703276_0.jpg
77,1403303_0.jpg,1480873_0.jpg,2220877_0.jpg,1834410_0.jpg,260027_0.jpg,1811950_0.jpg,362349_0.jpg,1159293_0.jpg,1888182_0.jpg,1239688_2.jpg
78,1412285_0.jpg,1719471_0.jpg,1719471_1.jpg,1811950_0.jpg,362349_0.jpg,2220877_0.jpg,988975_0.jpg,229094_0.jpg,659835_0.jpg,1239688_0.jpg
79,2200837_0.jpg,1428726_0.jpg,1428726_2.jpg,2200837_2.jpg,2188558_0.jpg,926526_0.jpg,1324412_0.jpg,1193695_0.jpg,475727_2.jpg,113836_0.jpg
80,2200837_1.jpg,1428726_1.jpg,1193695_1.jpg,463272_1.jpg,419309_1.jpg,946858_1.jpg,946858_0.jpg,806175_0.jpg,304644_0.jpg,1367680_0.jpg
81,2200837_2.jpg,1428726_2.jpg,2200837_0.jpg,1428726_0.jpg,2188558_0.jpg,926526_0.jpg,1324412_0.jpg,1193695_0.jpg,347995_0.jpg,475727_2.jpg
82,2200837_3.jpg,1428726_3.jpg,215031_2.jpg,215031_1.jpg,287368_1.jpg,961275_1.jpg,400214_0.jpg,113836_0.jpg,287368_2.jpg,728946_0.jpg
83,1463046_0.jpg,505182_0.jpg,1324412_0.jpg,1900174_1.jpg,988975_0.jpg,221248_0.jpg,1167245_0.jpg,1900174_3.jpg,19751_1.jpg,806458_0.jpg
84,1465250_0.jpg,1323996_0.jpg,19751_2.jpg,1034992_2.jpg,1520546_3.jpg,375713_1.jpg,1889076_0.jpg,865103_1.jpg,728946_1.jpg,561904_1.jpg
85,1469028_0.jpg,447146_0.jpg,876062_0.jpg,529559_0.jpg,1324412_1.jpg,2065721_0.jpg,674913_0.jpg,463272_1.jpg,419309_1.jpg,1193695_1.jpg
86,1469028_1.jpg,1982544_3.jpg,865103_1.jpg,728946_1.jpg,561904_1.jpg,245397_0.jpg,856006_2.jpg,1193695_2.jpg,463272_2.jpg,419309_2.jpg
87,1480873_0.jpg,260027_0.jpg,1123046_0.jpg,1403303_0.jpg,1159293_0.jpg,1888182_0.jpg,665464_0.jpg,1148936_0.jpg,2150029_0.jpg,861491_0.jpg
88,1485588_0.jpg,730312_0.jpg,1521081_0.jpg,375713_1.jpg,375713_0.jpg,715924_0.jpg,2092144_0.jpg,635622_0.jpg,883121_0.jpg,2094343_0.jpg
89,1507382_0.jpg,1299252_0.jpg,1036386_0.jpg,1661793_0.jpg,236641_0.jpg,1252280_0.jpg,74746_0.jpg,419309_0.jpg,1313329_1.jpg,1148936_0.jpg
90,1508534_0.jpg,805537_0.jpg,635622_0.jpg,1157890_0.jpg,221248_0.jpg,367137_0.jpg,72326_1.jpg,1521081_0.jpg,1199966_3.jpg,971996_0.jpg
91,1520546_0.jpg,1520546_1.jpg,630288_0.jpg,163459_0.jpg,20730_0.jpg,869989_0.jpg,261540_0.jpg,1520546_2.jpg,1520546_3.jpg,269621_1.jpg
92,1520546_1.jpg,1520546_2.jpg,1520546_0.jpg,269621_1.jpg,1079989_2.jpg,1079989_0.jpg,1079989_1.jpg,1520546_3.jpg,20730_0.jpg,1982544_1.jpg
93,1520546_2.jpg,1520546_3.jpg,1079989_1.jpg,1079989_2.jpg,1079989_0.jpg,1520546_1.jpg,269621_1.jpg,821524_2.jpg,821524_1.jpg,821524_0.jpg
94,1520546_3.jpg,1520546_2.jpg,269621_1.jpg,269621_3.jpg,1079989_0.jpg,1079989_2.jpg,1079989_1.jpg,1323996_0.jpg,269621_0.jpg,1334460_0.jpg
95,1521081_0.jpg,635622_0.jpg,1157890_0.jpg,221248_0.jpg,367137_0.jpg,72326_1.jpg,1199966_3.jpg,212424_0.jpg,730312_0.jpg,43354_1.jpg
96,1528196_0.jpg,1723947_0.jpg,1025295_0.jpg,806458_0.jpg,988975_0.jpg,362349_0.jpg,1952801_0.jpg,1252280_0.jpg,1162481_0.jpg,915410_0.jpg
97,1537812_0.jpg,420082_0.jpg,819483_0.jpg,1537812_1.jpg,2094343_0.jpg,90448_0.jpg,1134177_0.jpg,1889076_0.jpg,819483_1.jpg,803384_0.jpg
98,1537812_1.jpg,1537812_0.jpg,420082_0.jpg,819483_1.jpg,1134177_0.jpg,420082_1.jpg,819483_0.jpg,2094343_0.jpg,803384_0.jpg,832420_0.jpg
99,2092691_2.jpg,1560000_0.jpg,1560000_2.jpg,2092691_0.jpg,1560000_1.jpg,2092691_1.jpg,5514_2.jpg,287368_0.jpg,728946_0.jpg,475727_1.jpg
100,2092691_1.jpg,1560000_1.jpg,2092691_2.jpg,1560000_0.jpg,2092691_0.jpg,1560000_2.jpg,5514_2.jpg,113836_0.jpg,961275_2.jpg,287368_0.jpg
101,2092691_0.jpg,1560000_2.jpg,2092691_2.jpg,1560000_0.jpg,2092691_1.jpg,1560000_1.jpg,728946_0.jpg,5514_2.jpg,287368_0.jpg,865103_0.jpg
102,1562306_0.jpg,1562306_1.jpg,353002_0.jpg,1684612_2.jpg,1562306_2.jpg,215031_2.jpg,215031_1.jpg,186850_0.jpg,505567_2.jpg,268568_1.jpg
103,1562306_1.jpg,1562306_0.jpg,2188558_0.jpg,319507_0.jpg,1428726_0.jpg,2200837_0.jpg,215031_2.jpg,215031_1.jpg,1239688_0.jpg,2200837_2.jpg
104,1562306_2.jpg,734024_0.jpg,1239688_0.jpg,261540_1.jpg,1239688_2.jpg,962607_1.jpg,806458_0.jpg,474588_0.jpg,215031_0.jpg,20730_1.jpg
105,1562306_3.jpg,81006_2.jpg,1170602_3.jpg,1582158_1.jpg,1703276_1.jpg,1157890_0.jpg,1562306_1.jpg,734024_1.jpg,734024_2.jpg,447146_0.jpg
106,1582158_0.jpg,1582158_1.jpg,475727_1.jpg,475727_2.jpg,19751_1.jpg,1726783_0.jpg,734024_2.jpg,2224355_0.jpg,475727_3.jpg,236641_0.jpg
107,1582158_1.jpg,1582158_0.jpg,2224355_0.jpg,1726783_0.jpg,475727_3.jpg,19751_1.jpg,917121_0.jpg,1661793_0.jpg,475727_1.jpg,734024_2.jpg
108,1582796_0.jpg,2034696_0.jpg,359078_0.jpg,1833356_0.jpg,460054_0.jpg,328944_0.jpg,328944_1.jpg,72326_0.jpg,805537_1.jpg,2034696_1.jpg
109,1629568_0.jpg,1629568_1.jpg,1629568_2.jpg,1629568_3.jpg,715924_0.jpg,367137_0.jpg,730312_0.jpg,891699_1.jpg,20730_3.jpg,962746_1.jpg
110,1629568_1.jpg,1629568_0.jpg,1629568_3.jpg,1629568_2.jpg,1562306_1.jpg,1656308_0.jpg,891699_1.jpg,1562306_2.jpg,443627_1.jpg,961275_3.jpg
111,1629568_2.jpg,1629568_0.jpg,1629568_1.jpg,1629568_3.jpg,962746_1.jpg,962746_0.jpg,1656308_0.jpg,20730_3.jpg,1396486_1.jpg,443627_1.jpg
112,1629568_3.jpg,1982544_3.jpg,245397_0.jpg,1684612_0.jpg,730312_0.jpg,715924_0.jpg,1992229_1.jpg,187449_0.jpg,375713_0.jpg,375713_1.jpg
113,163459_0.jpg,869989_0.jpg,630288_0.jpg,1079989_2.jpg,1079989_0.jpg,1079989_1.jpg,821524_1.jpg,821524_2.jpg,821524_0.jpg,1520546_2.jpg
114,1656308_0.jpg,728946_0.jpg,1347582_0.jpg,865103_0.jpg,561904_0.jpg,728946_3.jpg,865103_3.jpg,561904_3.jpg,961275_3.jpg,1248979_0.jpg
115,1656308_1.jpg,856006_1.jpg,475727_1.jpg,806458_0.jpg,475727_2.jpg,475727_3.jpg,59726_0.jpg,734024_0.jpg,961275_1.jpg,236641_0.jpg
116,1656308_2.jpg,856006_2.jpg,728946_1.jpg,865103_1.jpg,561904_1.jpg,375713_0.jpg,375713_1.jpg,832420_0.jpg,1982544_3.jpg,1977393_0.jpg
117,1661793_0.jpg,1299252_0.jpg,1507382_0.jpg,174275_0.jpg,659835_0.jpg,988975_0.jpg,1239688_0.jpg,1239688_2.jpg,1036386_0.jpg,529559_0.jpg
118,1678602_0.jpg,71936_0.jpg,821524_2.jpg,821524_1.jpg,821524_0.jpg,2092144_0.jpg,721865_1.jpg,721865_2.jpg,721865_0.jpg,474588_0.jpg
119,1684612_0.jpg,1684612_2.jpg,1982544_3.jpg,245397_0.jpg,475727_1.jpg,1629568_3.jpg,505567_0.jpg,715924_0.jpg,1900174_0.jpg,475727_3.jpg
120,1684612_1.jpg,1095279_1.jpg,1977393_0.jpg,261540_3.jpg,1982544_2.jpg,475727_2.jpg,1209465_0.jpg,261540_2.jpg,482126_0.jpg,529559_0.jpg
121,1684612_2.jpg,1726783_0.jpg,400214_0.jpg,1684612_0.jpg,475727_2.jpg,475727_1.jpg,113836_0.jpg,988975_0.jpg,917121_0.jpg,1252280_0.jpg
122,1684612_3.jpg,1198492_0.jpg,1324412_0.jpg,806458_0.jpg,1656308_1.jpg,961275_1.jpg,287368_1.jpg,988975_0.jpg,1167245_0.jpg,572424_0.jpg
123,1686941_0.jpg,221248_0.jpg,72326_1.jpg,1199966_3.jpg,1521081_0.jpg,268568_0.jpg,1157890_0.jpg,1719471_0.jpg,1719471_1.jpg,635622_0.jpg
124,1686941_1.jpg,1977393_0.jpg,1334460_0.jpg,1465250_0.jpg,1520546_3.jpg,261540_2.jpg,474588_0.jpg,261540_0.jpg,1684612_1.jpg,375713_1.jpg
125,1688531_0.jpg,596270_1.jpg,596270_0.jpg,2092144_0.jpg,113836_0.jpg,1726783_0.jpg,2150029_0.jpg,1686941_0.jpg,59726_0.jpg,400214_0.jpg
126,1697507_0.jpg,1313329_0.jpg,1367680_0.jpg,946858_0.jpg,806175_0.jpg,946858_1.jpg,1834410_0.jpg,528276_0.jpg,1811950_0.jpg,1748210_0.jpg
127,1703276_0.jpg,1703276_1.jpg,734024_1.jpg,1396486_0.jpg,463272_0.jpg,734024_0.jpg,1703276_3.jpg,5514_0.jpg,1900174_0.jpg,1703276_2.jpg
128,1703276_1.jpg,1703276_0.jpg,1025295_0.jpg,734024_0.jpg,463272_0.jpg,635622_0.jpg,891699_1.jpg,734024_1.jpg,1900174_0.jpg,1723947_0.jpg
129,1703276_2.jpg,1726783_0.jpg,734024_0.jpg,81006_2.jpg,19751_1.jpg,734024_1.jpg,1849020_0.jpg,1772322_0.jpg,1703276_0.jpg,1396486_0.jpg
130,1703276_3.jpg,1324412_1.jpg,734024_0.jpg,962607_2.jpg,463272_0.jpg,1900174_0.jpg,865103_3.jpg,728946_3.jpg,561904_3.jpg,1170602_3.jpg
131,1719471_0.jpg,1719471_1.jpg,1412285_0.jpg,347995_0.jpg,362349_0.jpg,1811950_0.jpg,1239688_0.jpg,1239688_2.jpg,988975_0.jpg,2220877_0.jpg
132,1719471_1.jpg,1719471_0.jpg,1412285_0.jpg,1239688_0.jpg,347995_0.jpg,362349_0.jpg,1239688_2.jpg,988975_0.jpg,2220877_0.jpg,1811950_0.jpg
133,1723947_0.jpg,1025295_0.jpg,1528196_0.jpg,806458_0.jpg,1148936_0.jpg,1123046_0.jpg,1167245_0.jpg,635622_0.jpg,1822046_0.jpg,1480873_0.jpg
134,1726783_0.jpg,19751_1.jpg,1772322_0.jpg,734024_0.jpg,81006_2.jpg,596270_0.jpg,1170602_3.jpg,596270_1.jpg,1684612_2.jpg,806458_0.jpg
135,174275_0.jpg,659835_0.jpg,1811950_0.jpg,1661793_0.jpg,1834410_0.jpg,1412285_0.jpg,674913_0.jpg,1748210_0.jpg,528276_0.jpg,1719471_0.jpg
136,1748210_0.jpg,1811950_0.jpg,1834410_0.jpg,229094_0.jpg,2220877_0.jpg,659835_0.jpg,1412285_0.jpg,528276_0.jpg,174275_0.jpg,1719471_0.jpg
137,1772322_0.jpg,1726783_0.jpg,1170602_3.jpg,734024_0.jpg,596270_0.jpg,19751_1.jpg,81006_2.jpg,596270_1.jpg,475727_1.jpg,2224355_0.jpg
138,1807172_0.jpg,1199966_0.jpg,1199966_1.jpg,1199966_2.jpg,464681_0.jpg,1833356_0.jpg,328944_0.jpg,328944_1.jpg,709380_0.jpg,72326_0.jpg
139,1811950_0.jpg,674913_0.jpg,1834410_0.jpg,1748210_0.jpg,1412285_0.jpg,2220877_0.jpg,1719471_0.jpg,174275_0.jpg,1331755_0.jpg,659835_0.jpg
140,1822046_0.jpg,1252280_0.jpg,229094_0.jpg,540983_0.jpg,236641_0.jpg,1148936_0.jpg,1162481_0.jpg,727570_0.jpg,674913_0.jpg,74746_0.jpg
141,1822514_0.jpg,2101215_0.jpg,1537812_0.jpg,819483_0.jpg,187449_0.jpg,90448_0.jpg,2094343_0.jpg,359078_1.jpg,1248979_0.jpg,1537812_1.jpg
142,18259_0.jpg,1159293_0.jpg,665464_0.jpg,260027_0.jpg,1888182_0.jpg,1123046_0.jpg,1480873_0.jpg,1833356_0.jpg,72326_0.jpg,861491_0.jpg
143,1833340_0.jpg,1833340_2.jpg,1833340_1.jpg,2233905_0.jpg,1170602_1.jpg,1170602_2.jpg,81006_0.jpg,734342_0.jpg,838976_0.jpg,1918058_1.jpg
144,1833340_1.jpg,1833340_2.jpg,1833340_0.jpg,2233905_0.jpg,1170602_2.jpg,1170602_1.jpg,81006_0.jpg,734342_0.jpg,1918058_1.jpg,891699_0.jpg
145,1833340_2.jpg,1833340_0.jpg,1833340_1.jpg,2233905_0.jpg,1170602_2.jpg,1170602_1.jpg,81006_0.jpg,734342_0.jpg,1918058_1.jpg,891699_0.jpg
146,1833340_3.jpg,1833340_2.jpg,1833340_0.jpg,1833340_1.jpg,2233905_0.jpg,1170602_2.jpg,734342_0.jpg,1170602_1.jpg,81006_0.jpg,734342_3.jpg
147,1833356_0.jpg,1199966_0.jpg,72326_0.jpg,464681_0.jpg,1199966_1.jpg,1199966_2.jpg,328944_0.jpg,328944_1.jpg,359078_0.jpg,1024602_0.jpg
148,1834410_0.jpg,1811950_0.jpg,674913_0.jpg,1748210_0.jpg,2220877_0.jpg,1331755_0.jpg,1285337_0.jpg,2150029_0.jpg,1412285_0.jpg,528276_0.jpg
149,1838581_0.jpg,187449_0.jpg,962607_0.jpg,962607_3.jpg,1170602_3.jpg,1849020_0.jpg,528276_0.jpg,897532_0.jpg,1726783_0.jpg,917121_0.jpg
150,1845508_0.jpg,838976_0.jpg,1845508_2.jpg,81006_0.jpg,81006_1.jpg,2233905_0.jpg,734342_1.jpg,838976_2.jpg,1170602_1.jpg,1918058_3.jpg
151,1845508_1.jpg,838976_1.jpg,1845508_0.jpg,1845508_2.jpg,81006_1.jpg,838976_2.jpg,838976_0.jpg,2233905_0.jpg,1918058_3.jpg,1170602_0.jpg
152,1845508_2.jpg,838976_2.jpg,1845508_0.jpg,838976_0.jpg,2233905_0.jpg,81006_1.jpg,81006_0.jpg,1170602_0.jpg,1918058_1.jpg,734342_1.jpg
153,1849020_0.jpg,528276_0.jpg,917121_0.jpg,2220877_0.jpg,19751_1.jpg,1834410_0.jpg,1324412_0.jpg,463272_0.jpg,1726783_0.jpg,107871_1.jpg
154,186850_0.jpg,7242_1.jpg,295575_0.jpg,1684612_2.jpg,1697507_0.jpg,1313329_0.jpg,1199966_3.jpg,347995_0.jpg,505567_2.jpg,929359_0.jpg
155,187449_0.jpg,475727_3.jpg,1838581_0.jpg,1379750_0.jpg,2094343_0.jpg,475727_2.jpg,475727_1.jpg,1537812_0.jpg,1248979_0.jpg,347305_0.jpg
156,1888182_0.jpg,260027_0.jpg,1480873_0.jpg,665464_0.jpg,1159293_0.jpg,18259_0.jpg,1199966_2.jpg,1403303_0.jpg,861491_0.jpg,1833356_0.jpg
157,1889076_0.jpg,1537812_0.jpg,420082_0.jpg,819483_0.jpg,1537812_1.jpg,90448_0.jpg,19751_2.jpg,2094343_0.jpg,832420_0.jpg,43354_2.jpg
158,1900174_0.jpg,463272_0.jpg,215031_0.jpg,1324412_1.jpg,1684612_0.jpg,635622_0.jpg,19751_1.jpg,734024_0.jpg,1167245_0.jpg,482126_0.jpg
159,1900174_1.jpg,1900174_3.jpg,1162481_0.jpg,1900174_2.jpg,915410_0.jpg,1252280_0.jpg,1148936_0.jpg,1324412_0.jpg,1952801_0.jpg,674913_0.jpg
160,1900174_2.jpg,1900174_1.jpg,221248_0.jpg,1162481_0.jpg,2220877_0.jpg,1916292_0.jpg,1900174_3.jpg,1403303_0.jpg,1719471_0.jpg,1834410_0.jpg
161,1900174_3.jpg,1900174_1.jpg,806458_0.jpg,1162481_0.jpg,1324412_0.jpg,1252280_0.jpg,1900174_2.jpg,1025295_0.jpg,2220877_0.jpg,1148936_0.jpg
162,1916292_0.jpg,1719471_1.jpg,1239688_0.jpg,1900174_2.jpg,915410_0.jpg,1952801_0.jpg,1239688_2.jpg,988975_0.jpg,347995_0.jpg,1324412_0.jpg
163,1918058_0.jpg,1703276_3.jpg,268568_3.jpg,261540_0.jpg,1347582_1.jpg,1992229_0.jpg,1347582_2.jpg,805537_0.jpg,1324412_1.jpg,561904_0.jpg
164,1918058_1.jpg,1170602_0.jpg,1170602_1.jpg,734342_1.jpg,1918058_3.jpg,734342_2.jpg,1845508_0.jpg,1833340_1.jpg,1170602_2.jpg,838976_0.jpg
165,1918058_2.jpg,2224355_0.jpg,962607_3.jpg,962607_0.jpg,883121_0.jpg,1900174_3.jpg,475727_3.jpg,917121_0.jpg,113836_0.jpg,1170602_3.jpg
166,1918058_3.jpg,734342_2.jpg,734342_1.jpg,1845508_0.jpg,1918058_1.jpg,838976_0.jpg,734342_0.jpg,81006_1.jpg,734342_3.jpg,81006_0.jpg
167,192228_0.jpg,1024602_0.jpg,464681_0.jpg,609182_0.jpg,328944_1.jpg,328944_0.jpg,2248498_0.jpg,1833356_0.jpg,698597_0.jpg,971996_0.jpg
168,1944510_0.jpg,928951_0.jpg,107871_0.jpg,362349_0.jpg,347995_0.jpg,304644_1.jpg,1719471_0.jpg,928951_1.jpg,107871_1.jpg,1944510_1.jpg
169,928951_1.jpg,1944510_1.jpg,107871_1.jpg,347995_0.jpg,107871_0.jpg,928951_0.jpg,1944510_0.jpg,1239688_1.jpg,362349_0.jpg,1239688_0.jpg
170,1952801_0.jpg,915410_0.jpg,1252280_0.jpg,988975_0.jpg,1148936_0.jpg,362349_0.jpg,229094_0.jpg,674913_0.jpg,1162481_0.jpg,1412285_0.jpg
171,19751_0.jpg,946858_0.jpg,946858_1.jpg,1428726_1.jpg,2200837_1.jpg,917121_0.jpg,1285337_0.jpg,1582158_1.jpg,962607_3.jpg,962607_0.jpg
172,19751_1.jpg,1726783_0.jpg,1772322_0.jpg,475727_1.jpg,1324412_0.jpg,505182_0.jpg,1849020_0.jpg,475727_2.jpg,917121_0.jpg,734024_0.jpg
173,19751_2.jpg,1323996_0.jpg,1465250_0.jpg,1158718_1.jpg,43354_2.jpg,359078_1.jpg,1982544_3.jpg,1889076_0.jpg,939619_2.jpg,304644_2.jpg
174,1977393_0.jpg,375713_1.jpg,375713_0.jpg,865103_1.jpg,561904_1.jpg,728946_1.jpg,1656308_2.jpg,1469028_1.jpg,354301_0.jpg,1684612_1.jpg
175,1982544_0.jpg,1982544_2.jpg,1982544_1.jpg,7242_0.jpg,475727_2.jpg,1313329_0.jpg,475727_1.jpg,929359_0.jpg,806458_0.jpg,1697507_0.jpg
176,1982544_1.jpg,1982544_0.jpg,1982544_2.jpg,269621_1.jpg,1520546_1.jpg,1520546_2.jpg,7242_1.jpg,1246621_0.jpg,1379750_0.jpg,1520546_3.jpg
177,1982544_2.jpg,1982544_0.jpg,806458_0.jpg,20730_2.jpg,236641_0.jpg,475727_1.jpg,1982544_1.jpg,962607_1.jpg,475727_2.jpg,1167245_0.jpg
178,1982544_3.jpg,1629568_3.jpg,245397_0.jpg,1684612_0.jpg,1469028_1.jpg,728946_1.jpg,561904_1.jpg,865103_1.jpg,375713_1.jpg,375713_0.jpg
179,1992229_0.jpg,1992229_1.jpg,1186833_1.jpg,473558_1.jpg,475727_1.jpg,822775_2.jpg,293130_2.jpg,805537_0.jpg,734024_0.jpg,1324412_1.jpg
180,1992229_1.jpg,43354_0.jpg,1726783_0.jpg,1167245_0.jpg,475727_1.jpg,635622_0.jpg,1992229_0.jpg,475727_2.jpg,596270_0.jpg,43354_1.jpg
181,1992229_2.jpg,261540_0.jpg,473558_1.jpg,1186833_1.jpg,1347582_2.jpg,1170602_2.jpg,215031_2.jpg,215031_1.jpg,1204417_0.jpg,891699_0.jpg
182,1992229_3.jpg,1396486_2.jpg,1982544_2.jpg,81006_2.jpg,1703276_1.jpg,1396486_3.jpg,891699_1.jpg,1025295_0.jpg,734024_1.jpg,1396486_0.jpg
183,2034696_0.jpg,1582796_0.jpg,1199966_2.jpg,1199966_1.jpg,1833356_0.jpg,1199966_0.jpg,328944_1.jpg,328944_0.jpg,359078_0.jpg,72326_0.jpg
184,2034696_1.jpg,805537_1.jpg,971996_0.jpg,698597_0.jpg,72326_1.jpg,328944_0.jpg,328944_1.jpg,2248498_0.jpg,1833356_0.jpg,709380_0.jpg
185,2065721_0.jpg,1331755_0.jpg,861491_0.jpg,304644_0.jpg,674913_0.jpg,1285337_0.jpg,1036386_0.jpg,1193695_1.jpg,463272_1.jpg,419309_1.jpg
186,20730_0.jpg,20730_1.jpg,269621_1.jpg,1520546_3.jpg,1520546_1.jpg,625620_0.jpg,20730_3.jpg,482126_0.jpg,1982544_2.jpg,869989_0.jpg
187,20730_1.jpg,20730_0.jpg,20730_3.jpg,269621_1.jpg,20730_2.jpg,1248979_0.jpg,1684612_2.jpg,625620_0.jpg,474588_0.jpg,1726783_0.jpg
188,20730_2.jpg,1982544_2.jpg,20730_1.jpg,1095279_1.jpg,1772322_0.jpg,20730_3.jpg,946858_3.jpg,20730_0.jpg,1726783_0.jpg,962607_1.jpg
189,20730_3.jpg,20730_1.jpg,1684612_2.jpg,1248979_0.jpg,730312_0.jpg,482126_0.jpg,1726783_0.jpg,5514_0.jpg,20730_0.jpg,734024_0.jpg
190,2092144_0.jpg,1900174_2.jpg,915410_0.jpg,1688531_0.jpg,400214_0.jpg,1952801_0.jpg,419309_0.jpg,1123046_0.jpg,1239688_0.jpg,832420_0.jpg
191,2092691_0.jpg,1560000_2.jpg,2092691_2.jpg,1560000_0.jpg,2092691_1.jpg,1560000_1.jpg,728946_0.jpg,5514_2.jpg,287368_0.jpg,865103_0.jpg
192,2092691_1.jpg,1560000_1.jpg,2092691_2.jpg,1560000_0.jpg,2092691_0.jpg,1560000_2.jpg,5514_2.jpg,113836_0.jpg,961275_2.jpg,287368_0.jpg
193,2092691_2.jpg,1560000_0.jpg,1560000_2.jpg,2092691_0.jpg,1560000_1.jpg,2092691_1.jpg,5514_2.jpg,287368_0.jpg,728946_0.jpg,475727_1.jpg
194,2094343_0.jpg,420082_0.jpg,1537812_0.jpg,819483_0.jpg,1134177_0.jpg,1537812_1.jpg,420082_1.jpg,90448_0.jpg,819483_1.jpg,803384_0.jpg
195,2101215_0.jpg,1537812_0.jpg,1822514_0.jpg,375713_1.jpg,865103_1.jpg,728946_1.jpg,561904_1.jpg,1034992_2.jpg,90448_0.jpg,1034992_0.jpg
196,212424_0.jpg,43354_1.jpg,72326_1.jpg,1199966_3.jpg,367137_0.jpg,971996_0.jpg,43354_0.jpg,805537_1.jpg,2034696_1.jpg,1158718_0.jpg
197,2132976_0.jpg,948863_0.jpg,698597_0.jpg,2248498_0.jpg,1258869_0.jpg,971996_0.jpg,1162481_0.jpg,72326_0.jpg,460054_0.jpg,359078_0.jpg
198,2150029_0.jpg,1285337_0.jpg,674913_0.jpg,229094_0.jpg,1148936_0.jpg,1331755_0.jpg,1834410_0.jpg,74746_0.jpg,236641_0.jpg,1811950_0.jpg
199,215031_0.jpg,1900174_0.jpg,19751_1.jpg,1186833_0.jpg,1629568_3.jpg,1157890_0.jpg,367137_0.jpg,245397_0.jpg,635622_0.jpg,463272_0.jpg
200,215031_2.jpg,215031_1.jpg,961275_2.jpg,1243979_0.jpg,891699_0.jpg,2200837_3.jpg,1428726_3.jpg,261540_1.jpg,287368_1.jpg,728946_0.jpg
201,215031_2.jpg,215031_1.jpg,961275_2.jpg,1243979_0.jpg,891699_0.jpg,2200837_3.jpg,1428726_3.jpg,261540_1.jpg,287368_1.jpg,728946_0.jpg
202,2188558_0.jpg,1428726_0.jpg,2200837_0.jpg,2200837_2.jpg,1428726_2.jpg,926526_0.jpg,1324412_0.jpg,1562306_1.jpg,1193695_0.jpg,113836_0.jpg
203,2188558_1.jpg,926526_3.jpg,1528196_0.jpg,838976_2.jpg,891699_2.jpg,1845508_2.jpg,1560000_1.jpg,2092691_1.jpg,961275_2.jpg,572424_0.jpg
204,2198258_0.jpg,1324412_0.jpg,347995_0.jpg,1162481_0.jpg,505182_0.jpg,362349_0.jpg,1209465_0.jpg,988975_0.jpg,2220877_0.jpg,1239688_2.jpg
205,2200837_0.jpg,1428726_0.jpg,1428726_2.jpg,2200837_2.jpg,2188558_0.jpg,926526_0.jpg,1324412_0.jpg,1193695_0.jpg,475727_2.jpg,113836_0.jpg
206,2200837_1.jpg,1428726_1.jpg,1193695_1.jpg,463272_1.jpg,419309_1.jpg,946858_1.jpg,946858_0.jpg,806175_0.jpg,304644_0.jpg,1367680_0.jpg
207,2200837_2.jpg,1428726_2.jpg,2200837_0.jpg,1428726_0.jpg,2188558_0.jpg,926526_0.jpg,1324412_0.jpg,1193695_0.jpg,347995_0.jpg,475727_2.jpg
208,2200837_3.jpg,1428726_3.jpg,215031_2.jpg,215031_1.jpg,287368_1.jpg,961275_1.jpg,400214_0.jpg,113836_0.jpg,287368_2.jpg,728946_0.jpg
209,221248_0.jpg,1157890_0.jpg,72326_1.jpg,1199966_3.jpg,1521081_0.jpg,1686941_0.jpg,635622_0.jpg,43354_1.jpg,367137_0.jpg,212424_0.jpg
210,2220877_0.jpg,1239688_2.jpg,1324412_0.jpg,1811950_0.jpg,988975_0.jpg,1834410_0.jpg,1412285_0.jpg,1239688_0.jpg,1719471_0.jpg,1403303_0.jpg
211,2224355_0.jpg,505567_0.jpg,475727_1.jpg,1582158_1.jpg,475727_2.jpg,1726783_0.jpg,1772322_0.jpg,475727_3.jpg,1684612_2.jpg,1199966_3.jpg
212,2227616_0.jpg,988975_0.jpg,174275_0.jpg,1239688_2.jpg,1239688_0.jpg,659835_0.jpg,1412285_0.jpg,1719471_0.jpg,1811950_0.jpg,113836_0.jpg
213,2227616_1.jpg,2227616_0.jpg,1199966_3.jpg,72326_1.jpg,988975_0.jpg,1324412_1.jpg,362349_0.jpg,1033540_0.jpg,1239688_0.jpg,1900174_3.jpg
214,2233905_0.jpg,1833340_0.jpg,1833340_2.jpg,1833340_1.jpg,81006_0.jpg,1845508_0.jpg,838976_0.jpg,1170602_1.jpg,1170602_2.jpg,1845508_2.jpg
215,2248498_0.jpg,698597_0.jpg,1258869_0.jpg,971996_0.jpg,709380_0.jpg,328944_1.jpg,328944_0.jpg,2034696_1.jpg,805537_1.jpg,460054_0.jpg
216,229094_0.jpg,674913_0.jpg,1252280_0.jpg,2150029_0.jpg,1148936_0.jpg,1331755_0.jpg,1822046_0.jpg,1412285_0.jpg,74746_0.jpg,1834410_0.jpg
217,236641_0.jpg,1252280_0.jpg,806458_0.jpg,1299252_0.jpg,727570_0.jpg,74746_0.jpg,1507382_0.jpg,2150029_0.jpg,1822046_0.jpg,229094_0.jpg
218,24507_0.jpg,473558_1.jpg,1186833_1.jpg,1582158_0.jpg,1193695_0.jpg,1324412_0.jpg,505182_0.jpg,961275_0.jpg,261540_3.jpg,475727_2.jpg
219,24507_1.jpg,1246621_0.jpg,734342_3.jpg,1918058_3.jpg,2092691_1.jpg,1560000_1.jpg,5514_2.jpg,24507_2.jpg,1170602_1.jpg,734342_1.jpg
220,24507_2.jpg,24507_3.jpg,1918058_3.jpg,1918058_1.jpg,1833340_1.jpg,1170602_2.jpg,1833340_2.jpg,1379750_0.jpg,1833340_0.jpg,215031_2.jpg
221,24507_3.jpg,24507_2.jpg,419309_3.jpg,463272_3.jpg,1193695_3.jpg,245397_0.jpg,295575_0.jpg,215031_0.jpg,463272_2.jpg,419309_2.jpg
222,245397_0.jpg,1982544_3.jpg,1629568_3.jpg,1684612_0.jpg,7242_0.jpg,865103_1.jpg,728946_1.jpg,561904_1.jpg,7242_1.jpg,1469028_1.jpg
223,260027_0.jpg,1480873_0.jpg,1888182_0.jpg,1159293_0.jpg,665464_0.jpg,1123046_0.jpg,861491_0.jpg,1403303_0.jpg,1331755_0.jpg,674913_0.jpg
224,261540_0.jpg,261540_2.jpg,261540_1.jpg,1186833_1.jpg,473558_1.jpg,1977393_0.jpg,261540_3.jpg,268568_3.jpg,561904_0.jpg,1992229_2.jpg
225,261540_1.jpg,261540_2.jpg,261540_3.jpg,2233905_0.jpg,561904_0.jpg,728946_0.jpg,215031_1.jpg,215031_2.jpg,1918058_3.jpg,865103_0.jpg
226,261540_2.jpg,261540_1.jpg,261540_3.jpg,261540_0.jpg,1520546_3.jpg,1982544_2.jpg,1334460_0.jpg,1323996_0.jpg,561904_0.jpg,1204417_0.jpg
227,261540_3.jpg,261540_1.jpg,261540_2.jpg,561904_0.jpg,865103_3.jpg,561904_3.jpg,728946_3.jpg,475727_2.jpg,475727_1.jpg,1204417_0.jpg
228,268568_0.jpg,71936_0.jpg,1686941_0.jpg,1313329_2.jpg,1992229_1.jpg,43354_0.jpg,728946_0.jpg,5514_2.jpg,865103_0.jpg,596270_0.jpg
229,268568_1.jpg,572424_2.jpg,443627_2.jpg,1562306_0.jpg,962607_3.jpg,962607_0.jpg,1204417_1.jpg,1170602_2.jpg,1204417_0.jpg,261540_3.jpg
230,268568_2.jpg,1347582_3.jpg,865103_0.jpg,5514_1.jpg,728946_3.jpg,865103_3.jpg,561904_3.jpg,438049_0.jpg,1204417_1.jpg,261540_3.jpg
231,268568_3.jpg,1186833_0.jpg,1347582_2.jpg,473558_0.jpg,261540_1.jpg,5514_0.jpg,261540_0.jpg,782863_0.jpg,5514_1.jpg,2233905_0.jpg
232,269621_0.jpg,269621_3.jpg,269621_1.jpg,1520546_3.jpg,269621_2.jpg,1982544_2.jpg,1520546_2.jpg,1507382_0.jpg,20730_1.jpg,1982544_1.jpg
233,269621_1.jpg,269621_0.jpg,1520546_3.jpg,1520546_2.jpg,269621_3.jpg,20730_1.jpg,1079989_2.jpg,1079989_1.jpg,1079989_0.jpg,1520546_1.jpg
234,269621_2.jpg,1148936_0.jpg,229094_0.jpg,2150029_0.jpg,74746_0.jpg,1252280_0.jpg,1123046_0.jpg,1313329_1.jpg,1159293_0.jpg,236641_0.jpg
235,269621_3.jpg,269621_0.jpg,269621_1.jpg,1520546_3.jpg,806458_0.jpg,236641_0.jpg,1982544_2.jpg,1900174_1.jpg,1952801_0.jpg,1822046_0.jpg
236,287368_0.jpg,353002_0.jpg,961275_3.jpg,2092691_2.jpg,1560000_0.jpg,2092691_0.jpg,1560000_2.jpg,1560000_1.jpg,2092691_1.jpg,961275_2.jpg
237,287368_1.jpg,961275_1.jpg,287368_2.jpg,1428726_3.jpg,2200837_3.jpg,113836_0.jpg,215031_1.jpg,215031_2.jpg,400214_0.jpg,659835_0.jpg
238,287368_2.jpg,287368_1.jpg,215031_2.jpg,215031_1.jpg,728946_0.jpg,2200837_3.jpg,1428726_3.jpg,961275_1.jpg,475727_2.jpg,2092691_1.jpg
239,293130_0.jpg,822775_0.jpg,359078_0.jpg,460054_0.jpg,328944_0.jpg,328944_1.jpg,1582796_0.jpg,1199966_2.jpg,1199966_1.jpg,1199966_0.jpg
240,293130_1.jpg,822775_1.jpg,698597_0.jpg,359078_0.jpg,1199966_3.jpg,72326_1.jpg,971996_0.jpg,2248498_0.jpg,805537_1.jpg,2034696_1.jpg
241,293130_2.jpg,822775_2.jpg,1992229_0.jpg,474588_0.jpg,268568_0.jpg,1992229_1.jpg,71936_0.jpg,962607_3.jpg,962607_0.jpg,1686941_0.jpg
242,293130_3.jpg,822775_3.jpg,81006_3.jpg,1396486_2.jpg,2227616_1.jpg,475727_2.jpg,475727_1.jpg,81006_2.jpg,838976_0.jpg,734024_0.jpg
243,295575_0.jpg,43354_0.jpg,1313329_0.jpg,43354_1.jpg,1379750_0.jpg,1246621_0.jpg,212424_0.jpg,1199966_3.jpg,328944_1.jpg,328944_0.jpg
244,304644_0.jpg,939619_0.jpg,304644_1.jpg,1285337_0.jpg,2150029_0.jpg,1331755_0.jpg,861491_0.jpg,946858_1.jpg,946858_0.jpg,2065721_0.jpg
245,304644_1.jpg,304644_0.jpg,939619_0.jpg,861491_0.jpg,1285337_0.jpg,1159293_0.jpg,2150029_0.jpg,1331755_0.jpg,665464_0.jpg,362349_0.jpg
246,939619_2.jpg,304644_2.jpg,19751_2.jpg,1982544_3.jpg,359078_1.jpg,295575_0.jpg,1347582_0.jpg,354301_0.jpg,1469028_1.jpg,1977393_0.jpg
247,319507_0.jpg,1239688_2.jpg,1239688_0.jpg,1412285_0.jpg,988975_0.jpg,2220877_0.jpg,1324412_0.jpg,1661793_0.jpg,1811950_0.jpg,1719471_0.jpg
248,328944_1.jpg,328944_0.jpg,464681_0.jpg,359078_0.jpg,1024602_0.jpg,460054_0.jpg,1833356_0.jpg,1199966_0.jpg,971996_0.jpg,1199966_1.jpg
249,328944_1.jpg,328944_0.jpg,464681_0.jpg,359078_0.jpg,1024602_0.jpg,460054_0.jpg,1833356_0.jpg,1199966_0.jpg,971996_0.jpg,1199966_1.jpg
250,347305_0.jpg,187449_0.jpg,2094343_0.jpg,475727_3.jpg,475727_2.jpg,295575_0.jpg,20730_2.jpg,1537812_0.jpg,1248979_0.jpg,475727_1.jpg
251,347995_0.jpg,362349_0.jpg,1239688_2.jpg,1719471_0.jpg,1239688_0.jpg,1719471_1.jpg,2220877_0.jpg,1412285_0.jpg,988975_0.jpg,1748210_0.jpg
252,353002_0.jpg,287368_0.jpg,463272_0.jpg,876062_0.jpg,447146_0.jpg,961275_3.jpg,926526_0.jpg,1562306_0.jpg,865103_0.jpg,728946_0.jpg
253,354301_0.jpg,420082_0.jpg,1537812_0.jpg,1248979_0.jpg,2094343_0.jpg,832420_0.jpg,1347582_0.jpg,1537812_1.jpg,420082_1.jpg,375713_1.jpg
254,359078_0.jpg,460054_0.jpg,328944_1.jpg,328944_0.jpg,1158718_0.jpg,1199966_1.jpg,1199966_2.jpg,1199966_0.jpg,1833356_0.jpg,464681_0.jpg
255,359078_1.jpg,19751_2.jpg,1323996_0.jpg,1158718_1.jpg,43354_2.jpg,939619_2.jpg,304644_2.jpg,1889076_0.jpg,1465250_0.jpg,577393_0.jpg
256,362349_0.jpg,347995_0.jpg,1719471_0.jpg,1412285_0.jpg,1719471_1.jpg,1834410_0.jpg,1239688_0.jpg,1239688_2.jpg,861491_0.jpg,1811950_0.jpg
257,367137_0.jpg,1521081_0.jpg,635622_0.jpg,212424_0.jpg,1157890_0.jpg,221248_0.jpg,72326_1.jpg,43354_1.jpg,1199966_3.jpg,2034696_1.jpg
258,375713_0.jpg,375713_1.jpg,832420_0.jpg,728946_1.jpg,561904_1.jpg,865103_1.jpg,1656308_2.jpg,856006_2.jpg,1977393_0.jpg,1246621_0.jpg
259,375713_1.jpg,375713_0.jpg,865103_1.jpg,561904_1.jpg,728946_1.jpg,832420_0.jpg,1656308_2.jpg,1977393_0.jpg,856006_2.jpg,43354_0.jpg
260,400214_0.jpg,113836_0.jpg,988975_0.jpg,1324412_0.jpg,1162481_0.jpg,174275_0.jpg,1661793_0.jpg,528276_0.jpg,1239688_0.jpg,659835_0.jpg
261,419309_0.jpg,1193695_0.jpg,1252280_0.jpg,1299252_0.jpg,1193695_1.jpg,463272_1.jpg,419309_1.jpg,1507382_0.jpg,1822046_0.jpg,1036386_0.jpg
262,463272_1.jpg,419309_1.jpg,1193695_1.jpg,674913_0.jpg,861491_0.jpg,1331755_0.jpg,1811950_0.jpg,1412285_0.jpg,1252280_0.jpg,529559_0.jpg
263,419309_2.jpg,1193695_2.jpg,463272_2.jpg,419309_3.jpg,463272_3.jpg,1193695_3.jpg,1469028_1.jpg,856006_2.jpg,730312_0.jpg,1656308_2.jpg
264,419309_3.jpg,1193695_3.jpg,463272_3.jpg,1193695_2.jpg,419309_2.jpg,463272_2.jpg,856006_2.jpg,1469028_1.jpg,1656308_2.jpg,728946_1.jpg
265,420082_0.jpg,2094343_0.jpg,1537812_0.jpg,1537812_1.jpg,420082_1.jpg,819483_0.jpg,1134177_0.jpg,819483_1.jpg,832420_0.jpg,354301_0.jpg
266,420082_1.jpg,420082_0.jpg,1537812_1.jpg,803384_0.jpg,2094343_0.jpg,819483_1.jpg,1134177_0.jpg,832420_0.jpg,1537812_0.jpg,354301_0.jpg
267,43354_0.jpg,1158718_0.jpg,359078_0.jpg,328944_0.jpg,328944_1.jpg,1833356_0.jpg,1024602_0.jpg,43354_1.jpg,464681_0.jpg,1199966_2.jpg
268,43354_1.jpg,72326_1.jpg,212424_0.jpg,1199966_3.jpg,1158718_0.jpg,971996_0.jpg,43354_0.jpg,805537_1.jpg,2034696_1.jpg,221248_0.jpg
269,1158718_1.jpg,43354_2.jpg,19751_2.jpg,359078_1.jpg,1889076_0.jpg,1465250_0.jpg,577393_0.jpg,1323996_0.jpg,856006_0.jpg,1656308_2.jpg
270,438049_0.jpg,438049_1.jpg,962746_1.jpg,5514_0.jpg,163459_0.jpg,5514_1.jpg,869989_0.jpg,728946_3.jpg,865103_3.jpg,561904_3.jpg
271,438049_1.jpg,5514_1.jpg,1248979_0.jpg,438049_0.jpg,5514_0.jpg,865103_3.jpg,561904_3.jpg,728946_3.jpg,1186833_0.jpg,268568_3.jpg
272,443627_0.jpg,443627_2.jpg,443627_1.jpg,261540_3.jpg,1204417_1.jpg,268568_3.jpg,1204417_0.jpg,1562306_1.jpg,962746_1.jpg,438049_0.jpg
273,443627_1.jpg,443627_0.jpg,482126_0.jpg,261540_3.jpg,443627_2.jpg,1684612_1.jpg,1520546_1.jpg,1186833_0.jpg,1204417_0.jpg,261540_0.jpg
274,443627_2.jpg,443627_0.jpg,268568_1.jpg,443627_1.jpg,1204417_0.jpg,819483_1.jpg,572424_0.jpg,572424_2.jpg,962607_2.jpg,1170602_2.jpg
275,447146_0.jpg,876062_0.jpg,463272_0.jpg,1324412_1.jpg,674913_0.jpg,1469028_0.jpg,236641_0.jpg,529559_0.jpg,1239688_2.jpg,1834410_0.jpg
276,460054_0.jpg,359078_0.jpg,1199966_1.jpg,1199966_0.jpg,328944_1.jpg,328944_0.jpg,1199966_2.jpg,464681_0.jpg,1833356_0.jpg,72326_0.jpg
277,463272_0.jpg,1900174_0.jpg,876062_0.jpg,447146_0.jpg,1324412_1.jpg,1849020_0.jpg,19751_1.jpg,917121_0.jpg,1726783_0.jpg,475727_2.jpg
278,463272_1.jpg,419309_1.jpg,1193695_1.jpg,674913_0.jpg,861491_0.jpg,1331755_0.jpg,1811950_0.jpg,1412285_0.jpg,1252280_0.jpg,529559_0.jpg
279,419309_2.jpg,1193695_2.jpg,463272_2.jpg,419309_3.jpg,463272_3.jpg,1193695_3.jpg,1469028_1.jpg,856006_2.jpg,730312_0.jpg,1656308_2.jpg
280,419309_3.jpg,1193695_3.jpg,463272_3.jpg,1193695_2.jpg,419309_2.jpg,463272_2.jpg,856006_2.jpg,1469028_1.jpg,1656308_2.jpg,728946_1.jpg
281,464681_0.jpg,1833356_0.jpg,328944_1.jpg,328944_0.jpg,1199966_0.jpg,1024602_0.jpg,359078_0.jpg,460054_0.jpg,1199966_1.jpg,1807172_0.jpg
282,464681_1.jpg,609182_1.jpg,1520546_1.jpg,438049_1.jpg,1186833_0.jpg,20730_0.jpg,1520546_3.jpg,869989_0.jpg,5514_1.jpg,163459_0.jpg
283,473558_0.jpg,1186833_0.jpg,962746_0.jpg,782863_0.jpg,268568_3.jpg,5514_1.jpg,1079989_2.jpg,1079989_1.jpg,1079989_0.jpg,721865_2.jpg
284,1186833_1.jpg,473558_1.jpg,261540_0.jpg,1186833_0.jpg,473558_0.jpg,1992229_2.jpg,24507_0.jpg,1992229_0.jpg,268568_3.jpg,447146_0.jpg
285,474588_0.jpg,1079989_1.jpg,1079989_2.jpg,1079989_0.jpg,1520546_3.jpg,821524_1.jpg,821524_2.jpg,821524_0.jpg,1248979_0.jpg,946858_3.jpg
286,475727_0.jpg,475727_1.jpg,475727_2.jpg,988975_0.jpg,1252280_0.jpg,529559_0.jpg,236641_0.jpg,1324412_0.jpg,2220877_0.jpg,2224355_0.jpg
287,475727_1.jpg,475727_2.jpg,475727_3.jpg,236641_0.jpg,1167245_0.jpg,806458_0.jpg,1252280_0.jpg,1822046_0.jpg,529559_0.jpg,917121_0.jpg
288,475727_2.jpg,475727_1.jpg,475727_3.jpg,236641_0.jpg,1167245_0.jpg,806458_0.jpg,1252280_0.jpg,529559_0.jpg,1822046_0.jpg,727570_0.jpg
289,475727_3.jpg,475727_2.jpg,475727_1.jpg,236641_0.jpg,1167245_0.jpg,400214_0.jpg,806458_0.jpg,187449_0.jpg,1822046_0.jpg,1313329_1.jpg
290,482126_0.jpg,1900174_0.jpg,734024_0.jpg,20730_3.jpg,1520546_2.jpg,1079989_0.jpg,1079989_1.jpg,1079989_2.jpg,806458_0.jpg,1248979_0.jpg
291,505182_0.jpg,1463046_0.jpg,1324412_0.jpg,988975_0.jpg,2220877_0.jpg,2198258_0.jpg,1162481_0.jpg,19751_1.jpg,1167245_0.jpg,1900174_3.jpg
292,505567_0.jpg,505567_2.jpg,505567_1.jpg,2224355_0.jpg,221248_0.jpg,1684612_0.jpg,475727_3.jpg,1684612_2.jpg,1726783_0.jpg,19751_1.jpg
293,505567_1.jpg,505567_0.jpg,2224355_0.jpg,319507_0.jpg,505567_2.jpg,897532_0.jpg,1463046_0.jpg,1313329_1.jpg,221248_0.jpg,1918058_3.jpg
294,505567_2.jpg,505567_0.jpg,505567_1.jpg,2224355_0.jpg,1521081_0.jpg,1684612_2.jpg,287368_0.jpg,319507_0.jpg,715924_0.jpg,635622_0.jpg
295,525316_0.jpg,1134177_0.jpg,803384_0.jpg,819483_0.jpg,1246621_0.jpg,90448_0.jpg,832420_0.jpg,819483_1.jpg,1833340_1.jpg,375713_0.jpg
296,528276_0.jpg,917121_0.jpg,1834410_0.jpg,2220877_0.jpg,1811950_0.jpg,659835_0.jpg,1748210_0.jpg,174275_0.jpg,1412285_0.jpg,1661793_0.jpg
297,529559_0.jpg,1036386_0.jpg,674913_0.jpg,1252280_0.jpg,463272_1.jpg,1193695_1.jpg,419309_1.jpg,1162481_0.jpg,1661793_0.jpg,1299252_0.jpg
298,540983_0.jpg,1162481_0.jpg,1822046_0.jpg,674913_0.jpg,229094_0.jpg,1252280_0.jpg,1148936_0.jpg,727570_0.jpg,861491_0.jpg,113836_0.jpg
299,5514_0.jpg,5514_1.jpg,865103_0.jpg,728946_0.jpg,561904_3.jpg,865103_3.jpg,728946_3.jpg,561904_0.jpg,475727_3.jpg,1248979_0.jpg
300,5514_1.jpg,5514_0.jpg,865103_0.jpg,728946_0.jpg,561904_0.jpg,865103_3.jpg,728946_3.jpg,561904_3.jpg,5514_2.jpg,475727_2.jpg
301,5514_2.jpg,728946_0.jpg,865103_0.jpg,5514_1.jpg,561904_0.jpg,2092691_1.jpg,1560000_1.jpg,865103_3.jpg,728946_3.jpg,561904_3.jpg
302,561904_0.jpg,865103_0.jpg,728946_0.jpg,5514_1.jpg,561904_3.jpg,865103_3.jpg,728946_3.jpg,261540_1.jpg,5514_2.jpg,5514_0.jpg
303,865103_1.jpg,561904_1.jpg,728946_1.jpg,375713_0.jpg,375713_1.jpg,1656308_2.jpg,856006_2.jpg,832420_0.jpg,625620_0.jpg,1982544_3.jpg
304,728946_2.jpg,865103_2.jpg,561904_2.jpg,1396486_2.jpg,561904_3.jpg,865103_3.jpg,728946_3.jpg,81006_2.jpg,561904_0.jpg,261540_3.jpg
305,865103_3.jpg,728946_3.jpg,561904_3.jpg,728946_0.jpg,865103_0.jpg,561904_0.jpg,5514_1.jpg,5514_0.jpg,5514_2.jpg,261540_3.jpg
306,572424_0.jpg,1239688_0.jpg,1239688_2.jpg,347995_0.jpg,319507_0.jpg,2220877_0.jpg,1243979_0.jpg,1412285_0.jpg,1193695_0.jpg,362349_0.jpg
307,572424_1.jpg,891699_1.jpg,572424_0.jpg,946858_3.jpg,1982544_0.jpg,269621_2.jpg,1992229_3.jpg,269621_0.jpg,1982544_3.jpg,463272_0.jpg
308,572424_2.jpg,268568_1.jpg,1170602_2.jpg,261540_1.jpg,891699_0.jpg,5514_2.jpg,1246621_0.jpg,803384_0.jpg,475727_2.jpg,261540_3.jpg
309,577393_0.jpg,359078_1.jpg,596270_0.jpg,19751_2.jpg,1656308_2.jpg,1158718_1.jpg,43354_2.jpg,856006_2.jpg,946858_2.jpg,1323996_0.jpg
310,596270_0.jpg,596270_1.jpg,1726783_0.jpg,1772322_0.jpg,1992229_1.jpg,236641_0.jpg,1688531_0.jpg,1313329_2.jpg,734024_0.jpg,113836_0.jpg
311,596270_1.jpg,596270_0.jpg,1688531_0.jpg,1726783_0.jpg,1811950_0.jpg,113836_0.jpg,1162481_0.jpg,174275_0.jpg,674913_0.jpg,1313329_2.jpg
312,59726_0.jpg,474588_0.jpg,1688531_0.jpg,71936_0.jpg,1079989_1.jpg,1079989_2.jpg,1079989_0.jpg,1252280_0.jpg,1684612_2.jpg,1520546_3.jpg
313,609182_0.jpg,192228_0.jpg,1024602_0.jpg,1833356_0.jpg,971996_0.jpg,464681_0.jpg,328944_1.jpg,328944_0.jpg,43354_1.jpg,805537_1.jpg
314,609182_1.jpg,464681_1.jpg,1186833_0.jpg,1656308_0.jpg,268568_0.jpg,163459_0.jpg,1992229_1.jpg,71936_0.jpg,438049_1.jpg,473558_0.jpg
315,625620_0.jpg,728946_1.jpg,865103_1.jpg,561904_1.jpg,1656308_2.jpg,856006_2.jpg,375713_1.jpg,20730_0.jpg,20730_1.jpg,1982544_3.jpg
316,630288_0.jpg,869989_0.jpg,163459_0.jpg,1520546_0.jpg,5514_1.jpg,268568_3.jpg,20730_0.jpg,721865_2.jpg,721865_1.jpg,721865_0.jpg
317,635622_0.jpg,1521081_0.jpg,1157890_0.jpg,367137_0.jpg,221248_0.jpg,1025295_0.jpg,1723947_0.jpg,72326_1.jpg,1199966_3.jpg,43354_1.jpg
318,659835_0.jpg,174275_0.jpg,1811950_0.jpg,1412285_0.jpg,1661793_0.jpg,1748210_0.jpg,528276_0.jpg,1834410_0.jpg,1719471_0.jpg,674913_0.jpg
319,665464_0.jpg,260027_0.jpg,1888182_0.jpg,1159293_0.jpg,1480873_0.jpg,18259_0.jpg,1331755_0.jpg,1036386_0.jpg,1123046_0.jpg,1285337_0.jpg
320,674913_0.jpg,1331755_0.jpg,1811950_0.jpg,229094_0.jpg,2150029_0.jpg,861491_0.jpg,1285337_0.jpg,1834410_0.jpg,1252280_0.jpg,463272_1.jpg
321,698597_0.jpg,2248498_0.jpg,971996_0.jpg,1258869_0.jpg,328944_0.jpg,328944_1.jpg,2034696_1.jpg,805537_1.jpg,1024602_0.jpg,460054_0.jpg
322,709380_0.jpg,72326_0.jpg,1199966_1.jpg,1199966_2.jpg,1199966_0.jpg,460054_0.jpg,1833356_0.jpg,2248498_0.jpg,328944_1.jpg,328944_0.jpg
323,715924_0.jpg,1157890_0.jpg,1684612_0.jpg,1629568_3.jpg,730312_0.jpg,635622_0.jpg,1900174_2.jpg,1521081_0.jpg,367137_0.jpg,221248_0.jpg
324,71936_0.jpg,268568_0.jpg,1520546_3.jpg,1982544_3.jpg,856006_2.jpg,474588_0.jpg,59726_0.jpg,596270_1.jpg,113836_0.jpg,728946_1.jpg
325,721865_2.jpg,721865_0.jpg,721865_1.jpg,821524_0.jpg,821524_2.jpg,821524_1.jpg,1079989_1.jpg,1079989_2.jpg,1079989_0.jpg,1520546_2.jpg
326,721865_2.jpg,721865_0.jpg,721865_1.jpg,821524_0.jpg,821524_2.jpg,821524_1.jpg,1079989_1.jpg,1079989_2.jpg,1079989_0.jpg,1520546_2.jpg
327,721865_2.jpg,721865_0.jpg,721865_1.jpg,821524_0.jpg,821524_2.jpg,821524_1.jpg,1079989_1.jpg,1079989_2.jpg,1079989_0.jpg,1520546_2.jpg
328,72326_0.jpg,1199966_2.jpg,1199966_1.jpg,1833356_0.jpg,1199966_0.jpg,709380_0.jpg,460054_0.jpg,359078_0.jpg,464681_0.jpg,328944_1.jpg
329,72326_1.jpg,1199966_3.jpg,43354_1.jpg,971996_0.jpg,221248_0.jpg,212424_0.jpg,328944_1.jpg,328944_0.jpg,805537_1.jpg,2034696_1.jpg
330,72326_2.jpg,505567_0.jpg,81006_3.jpg,72326_1.jpg,1199966_3.jpg,2224355_0.jpg,1772322_0.jpg,186850_0.jpg,891699_2.jpg,609182_0.jpg
331,7242_0.jpg,7242_1.jpg,245397_0.jpg,43354_0.jpg,1982544_0.jpg,1982544_3.jpg,1684612_0.jpg,1034992_2.jpg,2198258_0.jpg,856006_1.jpg
332,7242_1.jpg,7242_0.jpg,186850_0.jpg,245397_0.jpg,295575_0.jpg,43354_0.jpg,1982544_1.jpg,505567_2.jpg,1313329_0.jpg,187449_0.jpg
333,727570_0.jpg,74746_0.jpg,236641_0.jpg,674913_0.jpg,229094_0.jpg,2150029_0.jpg,1252280_0.jpg,1331755_0.jpg,1822046_0.jpg,1036386_0.jpg
334,728946_0.jpg,865103_0.jpg,561904_0.jpg,5514_1.jpg,5514_2.jpg,865103_3.jpg,561904_3.jpg,728946_3.jpg,5514_0.jpg,475727_2.jpg
335,865103_1.jpg,561904_1.jpg,728946_1.jpg,375713_0.jpg,375713_1.jpg,1656308_2.jpg,856006_2.jpg,832420_0.jpg,625620_0.jpg,1982544_3.jpg
336,728946_2.jpg,865103_2.jpg,561904_2.jpg,1396486_2.jpg,561904_3.jpg,865103_3.jpg,728946_3.jpg,81006_2.jpg,561904_0.jpg,261540_3.jpg
337,865103_3.jpg,728946_3.jpg,561904_3.jpg,728946_0.jpg,865103_0.jpg,561904_0.jpg,5514_1.jpg,5514_0.jpg,5514_2.jpg,261540_3.jpg
338,730312_0.jpg,1521081_0.jpg,1157890_0.jpg,635622_0.jpg,1629568_3.jpg,715924_0.jpg,1900174_2.jpg,375713_0.jpg,20730_3.jpg,1900174_0.jpg
339,734024_0.jpg,1726783_0.jpg,1772322_0.jpg,806458_0.jpg,81006_2.jpg,475727_1.jpg,475727_2.jpg,962607_1.jpg,19751_1.jpg,1025295_0.jpg
340,734024_1.jpg,1396486_0.jpg,1703276_0.jpg,1396486_3.jpg,1703276_3.jpg,1703276_1.jpg,734024_0.jpg,81006_2.jpg,1726783_0.jpg,463272_0.jpg
341,734024_2.jpg,475727_1.jpg,475727_2.jpg,1582158_0.jpg,236641_0.jpg,475727_3.jpg,81006_2.jpg,1582158_1.jpg,806458_0.jpg,1313329_1.jpg
342,734024_3.jpg,734024_2.jpg,1582158_0.jpg,475727_1.jpg,475727_2.jpg,1684612_2.jpg,1248979_0.jpg,475727_0.jpg,1982544_2.jpg,926526_0.jpg
343,734342_0.jpg,734342_3.jpg,734342_1.jpg,1833340_2.jpg,81006_0.jpg,1833340_1.jpg,1833340_0.jpg,2233905_0.jpg,838976_0.jpg,81006_3.jpg
344,734342_1.jpg,734342_2.jpg,838976_0.jpg,1845508_0.jpg,734342_0.jpg,1918058_1.jpg,1918058_3.jpg,81006_0.jpg,734342_3.jpg,81006_3.jpg
345,734342_2.jpg,734342_1.jpg,1918058_3.jpg,81006_0.jpg,838976_0.jpg,1918058_1.jpg,1845508_0.jpg,734342_0.jpg,1170602_1.jpg,734342_3.jpg
346,734342_3.jpg,734342_0.jpg,734342_1.jpg,1845508_0.jpg,81006_0.jpg,838976_0.jpg,1918058_3.jpg,734342_2.jpg,2233905_0.jpg,81006_3.jpg
347,74746_0.jpg,1252280_0.jpg,727570_0.jpg,229094_0.jpg,236641_0.jpg,1299252_0.jpg,2150029_0.jpg,674913_0.jpg,988975_0.jpg,1148936_0.jpg
348,782863_0.jpg,473558_0.jpg,1186833_0.jpg,1079989_2.jpg,1079989_1.jpg,1079989_0.jpg,268568_3.jpg,946858_2.jpg,20730_1.jpg,1323996_0.jpg
349,803384_0.jpg,1134177_0.jpg,525316_0.jpg,819483_0.jpg,420082_1.jpg,1246621_0.jpg,1537812_1.jpg,819483_1.jpg,420082_0.jpg,1537812_0.jpg
350,805537_0.jpg,971996_0.jpg,1258869_0.jpg,2034696_1.jpg,805537_1.jpg,359078_0.jpg,1582796_0.jpg,1024602_0.jpg,460054_0.jpg,698597_0.jpg
351,2034696_1.jpg,805537_1.jpg,971996_0.jpg,698597_0.jpg,72326_1.jpg,328944_0.jpg,328944_1.jpg,2248498_0.jpg,1833356_0.jpg,709380_0.jpg
352,806175_0.jpg,946858_0.jpg,1313329_0.jpg,946858_1.jpg,1367680_0.jpg,1697507_0.jpg,328944_1.jpg,328944_0.jpg,1719471_0.jpg,939619_0.jpg
353,806458_0.jpg,1025295_0.jpg,236641_0.jpg,1723947_0.jpg,1252280_0.jpg,1528196_0.jpg,1123046_0.jpg,1167245_0.jpg,475727_1.jpg,475727_2.jpg
354,81006_0.jpg,1170602_1.jpg,838976_0.jpg,1845508_0.jpg,2233905_0.jpg,81006_1.jpg,1833340_0.jpg,1833340_1.jpg,734342_2.jpg,1833340_2.jpg
355,81006_1.jpg,1170602_0.jpg,838976_0.jpg,81006_0.jpg,1845508_0.jpg,838976_2.jpg,2233905_0.jpg,1845508_2.jpg,1918058_3.jpg,734342_1.jpg
356,81006_2.jpg,1170602_3.jpg,1726783_0.jpg,734024_0.jpg,1772322_0.jpg,806458_0.jpg,1025295_0.jpg,596270_0.jpg,236641_0.jpg,19751_1.jpg
357,81006_3.jpg,734342_0.jpg,734342_1.jpg,838976_0.jpg,734342_3.jpg,81006_0.jpg,734342_2.jpg,1170602_2.jpg,838976_2.jpg,81006_1.jpg
358,819483_0.jpg,1537812_0.jpg,1134177_0.jpg,420082_0.jpg,90448_0.jpg,2094343_0.jpg,819483_1.jpg,1537812_1.jpg,803384_0.jpg,525316_0.jpg
359,819483_1.jpg,1537812_1.jpg,1134177_0.jpg,819483_0.jpg,420082_0.jpg,420082_1.jpg,1537812_0.jpg,803384_0.jpg,2094343_0.jpg,525316_0.jpg
360,821524_0.jpg,821524_2.jpg,821524_1.jpg,1079989_2.jpg,1079989_1.jpg,1079989_0.jpg,721865_0.jpg,721865_1.jpg,721865_2.jpg,1520546_2.jpg
361,821524_0.jpg,821524_2.jpg,821524_1.jpg,1079989_2.jpg,1079989_1.jpg,1079989_0.jpg,721865_0.jpg,721865_1.jpg,721865_2.jpg,1520546_2.jpg
362,821524_0.jpg,821524_2.jpg,821524_1.jpg,1079989_2.jpg,1079989_1.jpg,1079989_0.jpg,721865_0.jpg,721865_1.jpg,721865_2.jpg,1520546_2.jpg
363,822775_0.jpg,293130_0.jpg,72326_0.jpg,1199966_2.jpg,1199966_1.jpg,460054_0.jpg,1807172_0.jpg,1199966_0.jpg,698597_0.jpg,709380_0.jpg
364,822775_1.jpg,293130_1.jpg,805537_1.jpg,2034696_1.jpg,805537_0.jpg,698597_0.jpg,971996_0.jpg,2248498_0.jpg,367137_0.jpg,1582796_0.jpg
365,293130_2.jpg,822775_2.jpg,1992229_0.jpg,474588_0.jpg,268568_0.jpg,1992229_1.jpg,71936_0.jpg,962607_3.jpg,962607_0.jpg,1686941_0.jpg
366,822775_3.jpg,293130_3.jpg,81006_3.jpg,838976_0.jpg,81006_1.jpg,822775_1.jpg,293130_0.jpg,72326_1.jpg,1396486_2.jpg,1199966_3.jpg
367,832420_0.jpg,375713_0.jpg,1134177_0.jpg,420082_0.jpg,375713_1.jpg,1537812_1.jpg,1537812_0.jpg,420082_1.jpg,525316_0.jpg,354301_0.jpg
368,838976_0.jpg,1845508_0.jpg,81006_0.jpg,81006_1.jpg,838976_2.jpg,734342_1.jpg,2233905_0.jpg,1845508_2.jpg,1170602_1.jpg,1170602_0.jpg
369,838976_1.jpg,1845508_1.jpg,81006_1.jpg,838976_2.jpg,838976_0.jpg,1845508_0.jpg,1845508_2.jpg,1170602_0.jpg,2233905_0.jpg,1918058_3.jpg
370,838976_2.jpg,1845508_2.jpg,838976_0.jpg,81006_1.jpg,1845508_0.jpg,2233905_0.jpg,81006_0.jpg,734342_1.jpg,1170602_0.jpg,734342_2.jpg
371,856006_0.jpg,1684612_2.jpg,1656308_0.jpg,865103_0.jpg,728946_0.jpg,1158718_1.jpg,43354_2.jpg,596270_0.jpg,1684612_0.jpg,5514_1.jpg
372,856006_1.jpg,1656308_1.jpg,7242_0.jpg,715924_0.jpg,43354_1.jpg,1684612_0.jpg,505182_0.jpg,1916292_0.jpg,1900174_0.jpg,1167245_0.jpg
373,856006_2.jpg,1656308_2.jpg,865103_1.jpg,728946_1.jpg,561904_1.jpg,375713_0.jpg,375713_1.jpg,43354_0.jpg,463272_3.jpg,419309_3.jpg
374,861491_0.jpg,674913_0.jpg,1331755_0.jpg,419309_1.jpg,463272_1.jpg,1193695_1.jpg,229094_0.jpg,1412285_0.jpg,1036386_0.jpg,362349_0.jpg
375,865103_0.jpg,728946_0.jpg,561904_0.jpg,5514_1.jpg,5514_2.jpg,728946_3.jpg,865103_3.jpg,561904_3.jpg,5514_0.jpg,1347582_0.jpg
376,865103_1.jpg,561904_1.jpg,728946_1.jpg,375713_0.jpg,375713_1.jpg,1656308_2.jpg,856006_2.jpg,832420_0.jpg,625620_0.jpg,1982544_3.jpg
377,728946_2.jpg,865103_2.jpg,561904_2.jpg,1396486_2.jpg,561904_3.jpg,865103_3.jpg,728946_3.jpg,81006_2.jpg,561904_0.jpg,261540_3.jpg
378,865103_3.jpg,728946_3.jpg,561904_3.jpg,728946_0.jpg,865103_0.jpg,561904_0.jpg,5514_1.jpg,5514_0.jpg,5514_2.jpg,261540_3.jpg
379,869989_0.jpg,163459_0.jpg,630288_0.jpg,20730_0.jpg,482126_0.jpg,261540_0.jpg,1520546_0.jpg,1079989_1.jpg,1079989_2.jpg,1079989_0.jpg
380,447146_0.jpg,876062_0.jpg,463272_0.jpg,1324412_1.jpg,674913_0.jpg,1469028_0.jpg,236641_0.jpg,529559_0.jpg,1239688_2.jpg,1834410_0.jpg
381,883121_0.jpg,475727_3.jpg,475727_2.jpg,400214_0.jpg,113836_0.jpg,475727_1.jpg,2224355_0.jpg,1918058_2.jpg,474588_0.jpg,1992229_1.jpg
382,891699_0.jpg,1170602_2.jpg,1833340_1.jpg,1833340_2.jpg,734342_3.jpg,2233905_0.jpg,734342_0.jpg,1153842_0.jpg,1521081_0.jpg,1833340_0.jpg
383,891699_1.jpg,1703276_1.jpg,1324412_1.jpg,1347582_2.jpg,635622_0.jpg,268568_3.jpg,962607_2.jpg,261540_1.jpg,805537_0.jpg,1982544_2.jpg
384,891699_2.jpg,806458_0.jpg,475727_1.jpg,475727_3.jpg,891699_3.jpg,236641_0.jpg,475727_2.jpg,734024_0.jpg,1507382_0.jpg,505182_0.jpg
385,891699_3.jpg,891699_2.jpg,1582158_1.jpg,475727_1.jpg,236641_0.jpg,962607_1.jpg,261540_2.jpg,1025295_0.jpg,806458_0.jpg,876062_0.jpg
386,897532_0.jpg,528276_0.jpg,1838581_0.jpg,1199966_3.jpg,1849020_0.jpg,505567_1.jpg,2224355_0.jpg,295575_0.jpg,221248_0.jpg,2220877_0.jpg
387,90448_0.jpg,819483_0.jpg,1537812_0.jpg,2094343_0.jpg,525316_0.jpg,1134177_0.jpg,420082_0.jpg,803384_0.jpg,819483_1.jpg,1537812_1.jpg
388,915410_0.jpg,1952801_0.jpg,1252280_0.jpg,229094_0.jpg,1148936_0.jpg,2150029_0.jpg,362349_0.jpg,988975_0.jpg,674913_0.jpg,1162481_0.jpg
389,917121_0.jpg,528276_0.jpg,1834410_0.jpg,674913_0.jpg,1148936_0.jpg,659835_0.jpg,1748210_0.jpg,1811950_0.jpg,727570_0.jpg,1252280_0.jpg
390,926526_0.jpg,2200837_0.jpg,1428726_0.jpg,2188558_0.jpg,2200837_2.jpg,1428726_2.jpg,2092691_0.jpg,1560000_2.jpg,287368_2.jpg,287368_0.jpg
391,926526_1.jpg,287368_0.jpg,287368_2.jpg,287368_1.jpg,728946_0.jpg,961275_1.jpg,2092691_0.jpg,1560000_2.jpg,2092691_1.jpg,1560000_1.jpg
392,926526_2.jpg,728946_0.jpg,2092691_1.jpg,1560000_1.jpg,962607_0.jpg,962607_3.jpg,1719471_1.jpg,865103_0.jpg,561904_0.jpg,5514_2.jpg
393,926526_3.jpg,961275_3.jpg,287368_0.jpg,353002_0.jpg,961275_2.jpg,865103_0.jpg,728946_0.jpg,962607_2.jpg,2188558_1.jpg,561904_0.jpg
394,1944510_0.jpg,928951_0.jpg,107871_0.jpg,362349_0.jpg,347995_0.jpg,304644_1.jpg,1719471_0.jpg,928951_1.jpg,107871_1.jpg,1944510_1.jpg
395,928951_1.jpg,1944510_1.jpg,107871_1.jpg,347995_0.jpg,107871_0.jpg,928951_0.jpg,1944510_0.jpg,1239688_1.jpg,362349_0.jpg,1239688_0.jpg
396,929359_0.jpg,1916292_0.jpg,1719471_0.jpg,347995_0.jpg,1719471_1.jpg,1811950_0.jpg,400214_0.jpg,928951_0.jpg,1944510_0.jpg,107871_0.jpg
397,939619_0.jpg,304644_0.jpg,304644_1.jpg,861491_0.jpg,946858_1.jpg,1159293_0.jpg,946858_0.jpg,1285337_0.jpg,362349_0.jpg,665464_0.jpg
398,939619_1.jpg,1324412_1.jpg,928951_0.jpg,107871_0.jpg,1944510_0.jpg,939619_0.jpg,192228_0.jpg,304644_0.jpg,1944510_1.jpg,928951_1.jpg
399,939619_2.jpg,304644_2.jpg,19751_2.jpg,1982544_3.jpg,359078_1.jpg,295575_0.jpg,1347582_0.jpg,354301_0.jpg,1469028_1.jpg,1977393_0.jpg
400,946858_0.jpg,946858_1.jpg,806175_0.jpg,1313329_0.jpg,304644_0.jpg,1697507_0.jpg,1367680_0.jpg,939619_0.jpg,1285337_0.jpg,2150029_0.jpg
401,946858_1.jpg,946858_0.jpg,304644_0.jpg,806175_0.jpg,939619_0.jpg,1313329_0.jpg,1697507_0.jpg,1367680_0.jpg,1285337_0.jpg,1331755_0.jpg
402,946858_2.jpg,1313329_2.jpg,946858_3.jpg,782863_0.jpg,1313329_3.jpg,929359_0.jpg,269621_1.jpg,1034992_2.jpg,1323996_0.jpg,577393_0.jpg
403,946858_3.jpg,474588_0.jpg,269621_2.jpg,1313329_1.jpg,946858_1.jpg,946858_0.jpg,929359_0.jpg,2150029_0.jpg,1916292_0.jpg,236641_0.jpg
404,948863_0.jpg,2132976_0.jpg,861491_0.jpg,1811950_0.jpg,72326_0.jpg,1719471_0.jpg,1199966_2.jpg,1412285_0.jpg,1199966_1.jpg,347995_0.jpg
405,961275_0.jpg,215031_2.jpg,215031_1.jpg,961275_1.jpg,961275_2.jpg,1684612_0.jpg,1324412_0.jpg,261540_1.jpg,287368_1.jpg,715924_0.jpg
406,961275_1.jpg,287368_1.jpg,1428726_3.jpg,2200837_3.jpg,215031_2.jpg,215031_1.jpg,961275_2.jpg,287368_2.jpg,926526_0.jpg,2200837_0.jpg
407,961275_2.jpg,961275_3.jpg,215031_2.jpg,215031_1.jpg,2092691_1.jpg,1560000_1.jpg,728946_0.jpg,261540_1.jpg,865103_0.jpg,961275_1.jpg
408,961275_3.jpg,961275_2.jpg,287368_0.jpg,1656308_0.jpg,215031_1.jpg,215031_2.jpg,261540_1.jpg,926526_3.jpg,728946_0.jpg,353002_0.jpg
409,962607_3.jpg,962607_0.jpg,1726783_0.jpg,475727_3.jpg,1838581_0.jpg,917121_0.jpg,1772322_0.jpg,528276_0.jpg,1822046_0.jpg,2220877_0.jpg
410,962607_1.jpg,1324412_0.jpg,475727_1.jpg,1167245_0.jpg,1162481_0.jpg,475727_2.jpg,734024_0.jpg,1822046_0.jpg,1252280_0.jpg,988975_0.jpg
411,962607_2.jpg,1703276_3.jpg,734024_0.jpg,1396486_3.jpg,81006_2.jpg,1324412_1.jpg,1347582_2.jpg,1726783_0.jpg,1900174_0.jpg,482126_0.jpg
412,962607_3.jpg,962607_0.jpg,1726783_0.jpg,475727_3.jpg,1838581_0.jpg,917121_0.jpg,1772322_0.jpg,528276_0.jpg,1822046_0.jpg,2220877_0.jpg
413,962746_0.jpg,473558_0.jpg,1186833_0.jpg,268568_3.jpg,962746_1.jpg,438049_1.jpg,782863_0.jpg,353002_0.jpg,473558_1.jpg,1186833_1.jpg
414,962746_1.jpg,438049_0.jpg,5514_0.jpg,438049_1.jpg,1684612_1.jpg,443627_0.jpg,1186833_0.jpg,962746_0.jpg,865103_3.jpg,728946_3.jpg
415,971996_0.jpg,1024602_0.jpg,2034696_1.jpg,805537_1.jpg,698597_0.jpg,1258869_0.jpg,328944_1.jpg,328944_0.jpg,359078_0.jpg,1833356_0.jpg
416,988975_0.jpg,1252280_0.jpg,1324412_0.jpg,2220877_0.jpg,1239688_2.jpg,1412285_0.jpg,1239688_0.jpg,1719471_0.jpg,1162481_0.jpg,1811950_0.jpg
